/*
Navicat MariaDB Data Transfer

Source Server         : MariaDB
Source Server Version : 100118
Source Host           : localhost:3307
Source Database       : inventory

Target Server Type    : MariaDB
Target Server Version : 100118
File Encoding         : 65001

Date: 2017-11-06 15:49:19
*/

SET FOREIGN_KEY_CHECKS=0;

-- ----------------------------
-- Table structure for act
-- ----------------------------
DROP TABLE IF EXISTS `act`;
CREATE TABLE `act` (
  `id` int(11) NOT NULL AUTO_INCREMENT,
  `voucher` int(11) DEFAULT NULL,
  `type` varchar(255) DEFAULT NULL,
  `status` int(11) DEFAULT NULL,
  PRIMARY KEY (`id`),
  KEY `voucherc` (`voucher`) USING BTREE,
  CONSTRAINT `act_ibfk_1` FOREIGN KEY (`voucher`) REFERENCES `voucher` (`id`)
) ENGINE=InnoDB DEFAULT CHARSET=latin1;

-- ----------------------------
-- Records of act
-- ----------------------------

-- ----------------------------
-- Table structure for aux
-- ----------------------------
DROP TABLE IF EXISTS `aux`;
CREATE TABLE `aux` (
  `id` int(11) NOT NULL AUTO_INCREMENT,
  PRIMARY KEY (`id`)
) ENGINE=InnoDB AUTO_INCREMENT=22 DEFAULT CHARSET=latin1;

-- ----------------------------
-- Records of aux
-- ----------------------------
INSERT INTO `aux` VALUES ('1');
INSERT INTO `aux` VALUES ('2');
INSERT INTO `aux` VALUES ('3');
INSERT INTO `aux` VALUES ('4');
INSERT INTO `aux` VALUES ('5');
INSERT INTO `aux` VALUES ('6');
INSERT INTO `aux` VALUES ('7');
INSERT INTO `aux` VALUES ('8');
INSERT INTO `aux` VALUES ('9');
INSERT INTO `aux` VALUES ('10');
INSERT INTO `aux` VALUES ('11');
INSERT INTO `aux` VALUES ('12');
INSERT INTO `aux` VALUES ('13');
INSERT INTO `aux` VALUES ('14');
INSERT INTO `aux` VALUES ('15');
INSERT INTO `aux` VALUES ('16');
INSERT INTO `aux` VALUES ('17');
INSERT INTO `aux` VALUES ('18');
INSERT INTO `aux` VALUES ('19');
INSERT INTO `aux` VALUES ('20');
INSERT INTO `aux` VALUES ('21');

-- ----------------------------
-- Table structure for bill
-- ----------------------------
DROP TABLE IF EXISTS `bill`;
CREATE TABLE `bill` (
  `id` int(11) NOT NULL AUTO_INCREMENT,
  `provider` int(11) DEFAULT NULL,
  `type` tinyint(4) DEFAULT NULL,
  `date` date DEFAULT NULL,
  `reference` varchar(255) DEFAULT NULL,
  `user` int(11) DEFAULT NULL,
  `state` int(11) DEFAULT '0',
  PRIMARY KEY (`id`),
  KEY `providerbill` (`provider`) USING BTREE,
  KEY `user` (`user`) USING BTREE,
  CONSTRAINT `bill_ibfk_1` FOREIGN KEY (`provider`) REFERENCES `provider` (`id`),
  CONSTRAINT `bill_ibfk_2` FOREIGN KEY (`user`) REFERENCES `user` (`id`)
) ENGINE=InnoDB AUTO_INCREMENT=22 DEFAULT CHARSET=latin1;

-- ----------------------------
-- Records of bill
-- ----------------------------
INSERT INTO `bill` VALUES ('1', '10', '1', '2017-10-13', '770340442450', '39', '1');
INSERT INTO `bill` VALUES ('2', '11', '1', '2017-10-13', '0008625', '42', '1');
INSERT INTO `bill` VALUES ('3', '246', '3', '2017-10-16', ' BASE ANT - 15/07/2013', '42', '1');
INSERT INTO `bill` VALUES ('4', '246', '3', '2017-10-16', 'BASE ANT - 07/06/2013 - GA. SZX841834', '42', '1');
INSERT INTO `bill` VALUES ('5', '245', '3', '2017-10-16', 'BASE ANT - 18/07/2017 - PACKING LIST 825 2017', '42', '1');
INSERT INTO `bill` VALUES ('6', '245', '1', '2017-10-18', '1490 2016', '46', '1');
INSERT INTO `bill` VALUES ('7', '244', '2', '2017-10-23', 'PO 00062 ', '43', '1');
INSERT INTO `bill` VALUES ('8', '244', '4', '2017-10-23', 'DHL GUIA AEREA 6599055046 ', '43', '1');
INSERT INTO `bill` VALUES ('9', '245', '1', '2017-07-18', '825 2017', '39', '0');
INSERT INTO `bill` VALUES ('10', '245', '1', '2016-11-16', '1490 2016', '39', '1');
INSERT INTO `bill` VALUES ('11', '245', '1', '2016-07-04', '825 2016', '39', '1');
INSERT INTO `bill` VALUES ('12', '244', '4', '2017-10-25', 'NUEVO INGRESO ', '43', '1');
INSERT INTO `bill` VALUES ('17', '244', '4', '2017-10-26', 'INGRESO', '43', '1');
INSERT INTO `bill` VALUES ('18', '246', '1', '2013-07-15', 'FL14-1023-YX01', '44', '1');
INSERT INTO `bill` VALUES ('19', '246', '1', '2013-07-15', 'FL13-0502-PY01', '44', '1');
INSERT INTO `bill` VALUES ('20', '244', '1', '2016-09-19', '160914011N', '44', '1');
INSERT INTO `bill` VALUES ('21', '226', '1', '2017-11-06', '003-001-000003629', '46', '1');

-- ----------------------------
-- Table structure for brand
-- ----------------------------
DROP TABLE IF EXISTS `brand`;
CREATE TABLE `brand` (
  `id` int(11) NOT NULL AUTO_INCREMENT,
  `name` varchar(25) NOT NULL,
  PRIMARY KEY (`id`),
  UNIQUE KEY `ukbrand` (`name`) USING BTREE
) ENGINE=InnoDB AUTO_INCREMENT=101 DEFAULT CHARSET=latin1;

-- ----------------------------
-- Records of brand
-- ----------------------------
INSERT INTO `brand` VALUES ('95', '2N');
INSERT INTO `brand` VALUES ('98', 'BRADY');
INSERT INTO `brand` VALUES ('88', 'CISCO');
INSERT INTO `brand` VALUES ('99', 'DAHUA');
INSERT INTO `brand` VALUES ('94', 'DIEL');
INSERT INTO `brand` VALUES ('90', 'EPYGI');
INSERT INTO `brand` VALUES ('83', 'FANVIL');
INSERT INTO `brand` VALUES ('81', 'FELITRON');
INSERT INTO `brand` VALUES ('82', 'GRANDSTREAM');
INSERT INTO `brand` VALUES ('85', 'INTELBRAS');
INSERT INTO `brand` VALUES ('100', 'MAIRDI');
INSERT INTO `brand` VALUES ('86', 'MATRIX');
INSERT INTO `brand` VALUES ('93', 'OPEN MESH');
INSERT INTO `brand` VALUES ('80', 'OTRO');
INSERT INTO `brand` VALUES ('87', 'PLANTRONICS');
INSERT INTO `brand` VALUES ('91', 'QPYCOM');
INSERT INTO `brand` VALUES ('97', 'SAMSUNG');
INSERT INTO `brand` VALUES ('96', 'SURIX');
INSERT INTO `brand` VALUES ('92', 'UBIQUITY');
INSERT INTO `brand` VALUES ('89', 'YEALINK');

-- ----------------------------
-- Table structure for category
-- ----------------------------
DROP TABLE IF EXISTS `category`;
CREATE TABLE `category` (
  `id` int(11) NOT NULL AUTO_INCREMENT,
  `name` varchar(25) NOT NULL,
  PRIMARY KEY (`id`),
  UNIQUE KEY `ukcategory` (`name`) USING BTREE
) ENGINE=InnoDB AUTO_INCREMENT=264 DEFAULT CHARSET=latin1;

-- ----------------------------
-- Records of category
-- ----------------------------
INSERT INTO `category` VALUES ('260', 'ACCESORIO');
INSERT INTO `category` VALUES ('249', 'BASE CELULAR');
INSERT INTO `category` VALUES ('258', 'CAMARA ANALOGICA');
INSERT INTO `category` VALUES ('257', 'CAMARA IP');
INSERT INTO `category` VALUES ('250', 'CATX');
INSERT INTO `category` VALUES ('262', 'CENTRAL ANALOGICA');
INSERT INTO `category` VALUES ('246', 'CENTRAL IP');
INSERT INTO `category` VALUES ('242', 'CONECTOR HEADSET');
INSERT INTO `category` VALUES ('261', 'ENERGIA');
INSERT INTO `category` VALUES ('247', 'GATEWAY IP');
INSERT INTO `category` VALUES ('259', 'GRABADOR NVR');
INSERT INTO `category` VALUES ('238', 'HEADSET');
INSERT INTO `category` VALUES ('263', 'NETWORKING');
INSERT INTO `category` VALUES ('237', 'OTRO');
INSERT INTO `category` VALUES ('255', 'PORTERO ANALOGICO');
INSERT INTO `category` VALUES ('253', 'PORTERO IP');
INSERT INTO `category` VALUES ('251', 'TELEFONO ANALOGICO');
INSERT INTO `category` VALUES ('244', 'TELEFONO HEADSET ANALOG');
INSERT INTO `category` VALUES ('245', 'TELEFONO IP');
INSERT INTO `category` VALUES ('256', 'WIFI');

-- ----------------------------
-- Table structure for client
-- ----------------------------
DROP TABLE IF EXISTS `client`;
CREATE TABLE `client` (
  `id` int(11) NOT NULL AUTO_INCREMENT,
  `dni` varchar(50) DEFAULT NULL,
  `name` varchar(100) DEFAULT NULL,
  `address` varchar(255) DEFAULT NULL,
  `phone` varchar(100) DEFAULT '',
  `email` varchar(100) DEFAULT NULL,
  PRIMARY KEY (`id`),
  UNIQUE KEY `ukdni` (`dni`) USING BTREE
) ENGINE=InnoDB AUTO_INCREMENT=333 DEFAULT CHARSET=latin1;

-- ----------------------------
-- Records of client
-- ----------------------------
INSERT INTO `client` VALUES ('49', '1791984722001', 'FARMAENLACE CIA. LTDA.', 'AV. CAPITAN RAFAEL RAMOS E2-210 Y CASTELLI', '022993100', 'veronicamedina@farmaenlace.com');
INSERT INTO `client` VALUES ('50', '1308111242', 'DARWIN COVEÑA ROMERO ', 'GYE- JOSE MARIA ROURA, INT CASA ARENILLAS', '0999259920', 'info@mail.centerseller.linio.com.ec');
INSERT INTO `client` VALUES ('52', '1790022404001', 'ALCATEL LUCENT ECUADOR S.A.', 'ANTIGUA VIA A NAYON Y AV. SIMON BOLIVAR, EDIFICIO EKOPARK, TORRE 2, PISO 8', '3982400', '');
INSERT INTO `client` VALUES ('53', '1706549381001', 'SANTIAGO REYES', 'LOS CIPRESES Y HELECHOS', '2803922', null);
INSERT INTO `client` VALUES ('54', '1790001075001', 'LA COMPETENCIA S.A.', 'PASAJE N44B Y AV. 6DE DICIEMBRE ENTRE RIO ROCA Y LOS SHYRIS', '3965200', null);
INSERT INTO `client` VALUES ('55', 'JC CISNEROS', 'JUAN CARLOS CISNEROS', '', '', null);
INSERT INTO `client` VALUES ('56', '1790683516001', 'SISMODE SISTEMAS MODERNOS DE ETIQUETADO CIA. LTDA.', 'AV. 10 DE AGOSTO N46-77 Y LAS RETAMAS', '2410104', null);
INSERT INTO `client` VALUES ('57', '1791351797001', 'APART HOTEL LA COLINA SIENAPAR S.A.', 'La Colina N26-119 y Av Orellana', '2234678', null);
INSERT INTO `client` VALUES ('58', '1790047660001', 'BANCO UNIVERSAL S.A. UNIBANCO', 'LA CAROLINA AV. REPUBLICA 500 Y LA PRADERA', '2906555', null);
INSERT INTO `client` VALUES ('59', '1707597371001', 'JOSE RICARDO DAVID ALVAREZ VILLAVICENCIO', 'BOBADILLA 118 Y VILLALENGUA', '2246093', null);
INSERT INTO `client` VALUES ('60', '1712266798', 'WILLIAM FERNANDO ROMERO CANDO', '19 JUNIO OE9-30', '2573025', null);
INSERT INTO `client` VALUES ('61', '1792137306001', 'TELPROYEC CIA. LTDA.', 'LA PINTA 236 Y RABIDA', '2940705', null);
INSERT INTO `client` VALUES ('62', '1791350308001', 'ACCELL', 'AV SHYRIS Y PORTUGAL', '', null);
INSERT INTO `client` VALUES ('63', '1710025758001', 'ISABEL BETANCOURT', 'ABDON CALDERON S8-179', '2340438', null);
INSERT INTO `client` VALUES ('64', '1705801296001', 'STYLOS', 'ERNESTO NOBOA E10-65 Y JOSE ORTON', '2548713', null);
INSERT INTO `client` VALUES ('65', '1791849116001', 'GLOBAL SUPPORT S.A.', 'YANEZ PINSON 26-131 Y LA NIÑA', '2558867', null);
INSERT INTO `client` VALUES ('66', '1791412567001', 'TELMAT CIA. LTDA.', 'JUAN DE DIOS MARTINEZ N36-99', '2276031', null);
INSERT INTO `client` VALUES ('67', '1791273419001', 'MOREANO BORJA CASA DE VALORES C.A.', 'AMAZONAS 477', '2223805', null);
INSERT INTO `client` VALUES ('68', '1791277651001', 'MONGE MONCAYO SOLUCIONES', 'LA GRANJA 112 Y AMAZONAS', '2456168', null);
INSERT INTO `client` VALUES ('70', '1706549381', 'SANTIAGO REYES', '', '', null);
INSERT INTO `client` VALUES ('71', '1790075494001', 'MUTUALISTA PICHINCHA', '18 DE SEPTIEMBRE E4-161', '2979300', null);
INSERT INTO `client` VALUES ('72', '1803116852', 'SANTIAGO PEREZ', '', '', null);
INSERT INTO `client` VALUES ('73', '1724596794', 'JAIME COYAGO', '', '', null);
INSERT INTO `client` VALUES ('74', '1791985400001', 'ST SERVICIOS CIA. LTDA.', 'LA PINTA 236 Y RABIDA', '2228343', null);
INSERT INTO `client` VALUES ('75', '1790842355001', 'IMPREXCOM CIA. LTDA.', 'AV. AMAZONAS 4430 Y VILLALENGUA', '2258365', null);
INSERT INTO `client` VALUES ('76', '0990001340001', 'ACERIAS NACIONALES DEL ECUADOR S.A.', 'AV. LAS ESCLUSAS SOLAR 9 Y PRIMER PASAJE 12CSE', '042480052', null);
INSERT INTO `client` VALUES ('77', '0660001250001', 'ESCUELA SUPERIOR POLITECNICA DE CHIMBORAZO', 'Km. Uno y medio Panamericana Sur s/n', '03 2998200', null);
INSERT INTO `client` VALUES ('78', '1792345235001', 'REDES ACCESIBLES CIA. LTDA.', 'AV. COLON E4-284 Y AV. AMAZONAS', '2904381', null);
INSERT INTO `client` VALUES ('79', '0991515941001', 'AGRINAG S..A.', 'JOSE GUANGO BAJO, VIA MULALO', '032710525', null);
INSERT INTO `client` VALUES ('80', '1791959043001', 'ESPENTREGAS S.A.', 'CRISTOBAL SANDOVAL OE-344 Y AV. DE LA PRENSA', '2432787', null);
INSERT INTO `client` VALUES ('81', '1713073912001', 'DAVID NUÑEZ', 'AV. 12 DE OCTUBRE N24-71 Y MARISCAL FOCH', '5006257', null);
INSERT INTO `client` VALUES ('82', '1708035934001', 'PABLO SUASNAVAS BERMUDEZ', 'DE LOS ALAMOS E11-414 Y DE LOS GUAYABOS', '3260236', null);
INSERT INTO `client` VALUES ('83', '0909014375001', 'JOSE FEBRES CORDERO MOLINA', 'JUNIN 105, PISO 4, OFICINA 402', '042300031', null);
INSERT INTO `client` VALUES ('84', '1707001721', 'RUBEN ALCIDES AGULAR LARA', 'JUAN SEVERINO 321', '2504598', null);
INSERT INTO `client` VALUES ('85', '1713651717', 'PAUL SALAS ALBAN', 'SAN BARTOLO 6 DENOVIEMBRE S20-167 Y PICOAZA', '2670248', null);
INSERT INTO `client` VALUES ('86', '1791412354001', 'MODAS INTERNACIONALES TEXTIMODA', 'Francisco Casanova N35-69', '3333422', null);
INSERT INTO `client` VALUES ('87', '1792024870001', 'AURASUR Cia. Ltda.', 'SEK San Isidro del Inca - San José E13-108 y De Los Guayacanes', '2416273', null);
INSERT INTO `client` VALUES ('88', '1792278791001', 'CALIPRIX S.A.', 'Francisco Casanova N35-69', '3333422', null);
INSERT INTO `client` VALUES ('89', '0992231203001', 'MIPC S.A.', 'Av. Francisco de Orellana 1007 Edificio Bauhaus Of. 17, PB', '042626128', null);
INSERT INTO `client` VALUES ('90', '0691702405001', 'COOPERATIVA DE AHORRO Y CREDITO ACCION RURAL LTDA', 'Espana 26-22 entre Junin y Argentinos', '', null);
INSERT INTO `client` VALUES ('91', '1714364328001', 'ERICK TAMAYO', 'Pasaje Móónnica y Jap', '0995093362', null);
INSERT INTO `client` VALUES ('92', '0992398299001', 'TELENEWS S.A.', 'Edificio Plaza San Francisco, Piso 2', '042321002', null);
INSERT INTO `client` VALUES ('93', '1791754484001', 'TRANSPARENTS SERVICE RECUPERACIONES CIA. LTDA.', 'Av. 6 de Diciembre N74-43 y av. El Inca', '2418534', null);
INSERT INTO `client` VALUES ('94', '1791819535001', 'DIGITAL GENERATION S.A.', 'Km. 14 1/2 Tila María Lote 1 y Panamericana Norte', '2274445', null);
INSERT INTO `client` VALUES ('95', '1791103327001', 'EXEC SISTEMAS', 'AV. 6 DE DICIEMBRE N47-64 Y AV. EL INCA', '2415468', null);
INSERT INTO `client` VALUES ('96', '0991364633001', 'ACHETECORP S.A.', 'Tanicuchi Barrio Central calle Leonidas Plaza s/n', '032710525', null);
INSERT INTO `client` VALUES ('97', '1703507796001', 'HOTEL CAROLINA MONTECARLO', 'Reina Victoria N25-50 y Av. Colon', '2525121', null);
INSERT INTO `client` VALUES ('98', '1790110680001', 'ORDEN CAPUCHINA EN EL ECUADOR', 'Oviedo 191 y Juan Montalvo', '062643646', null);
INSERT INTO `client` VALUES ('99', '1711504421', 'DAVID RODRIGUEZ', 'Via Tanda, Rincon del Valle, Lote 2', '2889161', null);
INSERT INTO `client` VALUES ('100', '1714325303001', 'MONICA JAQUELINE HIDALGO HIDALGO', 'SAN BARTOLO 6 DENOVIEMBRE S20-167 Y PICOAZA', '2670248', null);
INSERT INTO `client` VALUES ('101', '0923970321001', 'CARLOS CEDENO OCHOA', 'Guayaquil, ciudadela el Condor', '0988204199', null);
INSERT INTO `client` VALUES ('102', '1791728874001', 'MACRONET CIA. LTDA.', 'Ulpiano Paez N20-27 y Dieciocho de Septiembre', '2907038', null);
INSERT INTO `client` VALUES ('103', '1792049466001', 'SAFE WORK', 'Eloy Alfaro 4006', '09994447920', null);
INSERT INTO `client` VALUES ('104', '1792410053001', 'OFICINA COMERCIAL DEL PERU EN ECUADOR', 'AV. REPUBLICA DEL SALVADOR N34-361 E IRLANDA', '2261616', null);
INSERT INTO `client` VALUES ('105', '0690061465001', 'COOPERATIVA DE AHORRO Y CREDITO POLITECNICA DE CHIMBORAZO', 'KM UNO Y MEDIO PANAMERICANA SUR', '', null);
INSERT INTO `client` VALUES ('106', '0602195893001', 'FREDDY ALEX JARA GUERRA', 'AV 10 DE AGOSTO 1654 Y JORGE WASHINGTON', '2558825', null);
INSERT INTO `client` VALUES ('107', '0992517026001', 'AGROREPUESTOS LOVATO S.A.', 'ACUARELAS DEL RIO MZ 1184 VILLA 22', '04 2646511', null);
INSERT INTO `client` VALUES ('108', '1792378265001', 'ASESORIA Y CONSULTORIA ASECOSA S.A.', 'PAUL RIVET N30-54 Y JOSE ORTON', '3944190', null);
INSERT INTO `client` VALUES ('109', '0918160854001', 'CARLOS ALBERTO VALDEZ ALOVILLO', 'SAUCES 3, MZ 123', '0986242405', null);
INSERT INTO `client` VALUES ('110', '1791789806001', 'FUNDACION PARA EL DESARROLLO INTEGRAL ESPOIR', 'AV 10 DE AGOSTO 5282 NACIONES UNIDADAS, ED COMANDATO, TORRE INAUITO, PH1', '2254665', null);
INSERT INTO `client` VALUES ('111', '1791806220001', 'JURADO Y FIALLOS NEGOCIOS ASOCIADOS S.A.', 'AV NACIONES UNIDAS 1014 Y AV AMAZONAS', '2252937', null);
INSERT INTO `client` VALUES ('112', '1792070678001', 'INREDTEL CIA LTDA', 'ALVAREZ DEL CORRO N38-11 Y VILLALENGUA', '5120799', null);
INSERT INTO `client` VALUES ('113', '1001999000001', 'AGULAR ACOSTA OSCAR ALBERTO', 'MANUEL CANOLA E10-46 Y JOAQUIN SUMAITA', '6039000', null);
INSERT INTO `client` VALUES ('114', 'DIEGO OSORIO', 'DIEGO OSORIO', '18897 GOOSE BLUFF CT. LEESBURG VA 20176 USA', '+12024255988', null);
INSERT INTO `client` VALUES ('115', 'SEGUROS EQUINOCCIAL SA', 'SEGUROS EQUINOCCIAL SA', '', '', null);
INSERT INTO `client` VALUES ('116', '1792470595001', 'CENEAECUADOR CIA LTDA', 'DE LOS ALAMOS E11-414 Y DE LOS GUAYABOS', '3260239', null);
INSERT INTO `client` VALUES ('117', '1792235480001', 'DYCONEL CIA LTDA', 'TAMAYO N24-534 Y CORDERO', '2526385', null);
INSERT INTO `client` VALUES ('118', '17243444690', 'LUCELY GONZALEZ', 'PANAMERICANA NORTE KM 11 1/2', '6001600', null);
INSERT INTO `client` VALUES ('119', '1102961842001', 'VITERI BARROS EDGAR PAUL', '', '', null);
INSERT INTO `client` VALUES ('120', '0992465891001', 'CONEXIÓN TOTAL S.A.', 'Sebastina Cedeño N30-138 y Villalengua', '2451424', null);
INSERT INTO `client` VALUES ('121', '0603039959001', 'MARIO CASTILLO', 'Esmeraldas y Loja', '32968104', null);
INSERT INTO `client` VALUES ('122', '1768153530001', 'EPPETROECUADOR', 'Alpallana E8-86 y Av. 6 Diciembre', '2560525', null);
INSERT INTO `client` VALUES ('123', '´0602205684001', 'ISABEL CHAGÑAY ROJAS', 'Alejandro Cardenas E19-177 y richard Burgos', '2320192', null);
INSERT INTO `client` VALUES ('124', '1790643190001', 'KOTSKA S.A.', 'De los Guayacanes N51-69 y Carmen Olmo de Mancebo', '2401896', null);
INSERT INTO `client` VALUES ('125', '1711665545001', 'NELSON SAVID BOADA PARAMO', 'COLON E6-49 Y REINA VICTORIA', '2600360', null);
INSERT INTO `client` VALUES ('126', '1704285780001', 'ASINEL', 'LAS CUADRAS BLOQUE SAN JUAN 22', '2630179', null);
INSERT INTO `client` VALUES ('127', '1714419148001', 'JOSE LUIS TAIPE', 'ANTONIO CAMPOS S347 Y SANTIZ', '3195320', null);
INSERT INTO `client` VALUES ('128', 'IND110726DN7', 'INDEPLO S DE RL DE CV', 'HERSCHEL 152 PISO 3, COL ANSURES, C.P. 11590', '+52 55 58708330', null);
INSERT INTO `client` VALUES ('129', '1723204440', 'MIGUEL TUPIZA', '', '', null);
INSERT INTO `client` VALUES ('130', '1792133866001', 'PADLOCK FUTURO PROTEGIDO CIA LTDA', 'ULPIANO PAEZ N21-62 Y ROBLES', '3828361', null);
INSERT INTO `client` VALUES ('131', '1791358740001', 'TELALCA', 'CALLE SAN FRANCISCO N42-219 Y VOZANDES', '2988900', null);
INSERT INTO `client` VALUES ('132', '1709987679001', 'GALO MORALES', 'MILLER 564 Y AV. 5 DE JUNIO', '3651059', null);
INSERT INTO `client` VALUES ('133', '05400762464', 'MARCELO BOLANOS', 'SAN GABRIEL - CARCHI', '0987145356', null);
INSERT INTO `client` VALUES ('134', '1790027740001', 'ASTAP CIA. LTADA.', 'AV. NNUU 1084 Y AV. AMAZONAS. ED LA PREVISORA TORRE A, P6, OF 612', '022262154', null);
INSERT INTO `client` VALUES ('135', '1791254910001', 'LITOTRIFAST S.A', 'Suiza 209 y Eloy Alfaro', '2452290', null);
INSERT INTO `client` VALUES ('136', '052611486', 'BLANCA GUADALUPE CHILIQUINGA IZA', 'FERROVIARIA', '0987533919', null);
INSERT INTO `client` VALUES ('137', '1703905065', 'ROSA VIZCAINO', 'KM 131 VIA PUERTO QUITO', '', null);
INSERT INTO `client` VALUES ('138', '1707001721001', 'RUBEN ALCIDES AGULAR LARA', 'JUAN SEVERINO 321', '2504598', null);
INSERT INTO `client` VALUES ('139', '1792121027001', 'ROSAS LA MATINA RLM S.A.', 'Poalo Barrion Tolipulo ca CALL', '', null);
INSERT INTO `client` VALUES ('140', '0802557702', 'SUGEY SEGOVIA', 'Gustavo Darquea y Versalles', '0987008743', null);
INSERT INTO `client` VALUES ('141', '0991259546001', 'CARRO SEGURO CARSERG S.A.', 'AV. 10 DE AGOSTO 5023 Y LOS CEDROS', '2805170', null);
INSERT INTO `client` VALUES ('142', '1713070751', 'MANUEL ROMERO', 'AV. RUMIPAMBA 706 Y AV REPUBLICA, BORJA PAEZ, OFICINA 21', '0984826954', null);
INSERT INTO `client` VALUES ('143', '1791970640001', 'KEYFACTOR CIA. LTDA.', 'AV 10 DE AGOSTO N37-288 Y VILLALENGUA', '2256292', null);
INSERT INTO `client` VALUES ('144', '1792560985001', 'PAEVE S.A.', 'AV. PARQUE 111 Y ETRE CLL 1Y2', '2271658', null);
INSERT INTO `client` VALUES ('145', '1715990949001', 'LARA PUGA REBECA MARISOL', 'CAYAMBE, AV. NARILA JARRIN S6-32 Y VENEZUELA', '022364632', null);
INSERT INTO `client` VALUES ('146', '0992816074001', 'FIXEDIT S.A.', 'GUAYACANES MZ 124 VILLA 12', '042823947', null);
INSERT INTO `client` VALUES ('147', '0906577663001', 'HARRY ARCOS VARGAS', 'SAUCES 6, MANZANA 259, VILLA 13', '042966072', null);
INSERT INTO `client` VALUES ('148', '1792061512001', 'MEGA FERRETERO MEGAFERVALLE CIA. LTDA.', 'LA DOLOROSA, JUAN MONTALVO 360 Y AV. INTEROCEANICA', '2371256', null);
INSERT INTO `client` VALUES ('149', '1711255206001', 'DR. ROMULO JOSELITO PALLO QUISILEMA', 'COLON E7-60 Y REINA VICTORIA', '2524019', null);
INSERT INTO `client` VALUES ('150', '0602416612001', 'TENESACA MENDOZA CARMITA ALBINA', 'PICHINCHA 21-11 Y GUAYAQUIL (ESQUINA)', '032955233', null);
INSERT INTO `client` VALUES ('151', '1710556331001', 'GARCES JARRIN DANIEL FRANCISCO', 'FLORENCIO ESPINOZA N56-219 Y LUIS ROBALINO', '0995679980', null);
INSERT INTO `client` VALUES ('152', '0301513503001', 'WILLIAM PATRICIO NAVAS CAJAMARCA', '3 DE NOVIEMBRE Y CAMILO PONCE - AZOGUEZ', '072241362', null);
INSERT INTO `client` VALUES ('153', '1791265416001', 'TECONOLOGIA TOTAL TECTOTAL CIA. LTDA.', 'AV. AMAZONAS 4430 Y VILLALENGUA', '2266642', null);
INSERT INTO `client` VALUES ('154', '1768154260001', 'EMPRESA PUBLICA METROPOLITANA DE AGUA POTABLE Y SANEAMIENTO', 'AV. MARIANA DE JESUS S/N Y ALEMANIA', '2501376', null);
INSERT INTO `client` VALUES ('155', '0491500972001', 'CINE CABLE TV', 'BOLIVAR Y JUNIO, CENTRO COMERCIAL YOLIS, PISO 2, OF 104', '062985808', null);
INSERT INTO `client` VALUES ('156', '0928451905001', 'CINDY TABARES MEDINA', 'URB. COLINAS DE LA MARTHA', '0983725538', null);
INSERT INTO `client` VALUES ('157', '1708974520', 'BYRON MAURICIO PAZMINO PEREZ', 'URB. PORTON DE CADIZ, CASA N34', '0998311500', null);
INSERT INTO `client` VALUES ('158', '1791971353001', 'LICENCIAS ON LINE LOLCOM S.A.', 'SHYRIS 344 Y AV. ELOY ALFARO, ED PARQUE CENTRAL, PISO 13, OF. 1310', '2995500', null);
INSERT INTO `client` VALUES ('159', '1700301730001', 'HIDALGO LOPEZ RAFAEL ALBERTO', 'B N45-29 Y RICARDO SAENZ', '2459047', null);
INSERT INTO `client` VALUES ('160', '1791140028001', 'AGENCE FRANCE PRESSE', 'SUECIA E7-22 Y SHYRIS, EDIFICIO RENAZZO PLAZA, OF. 805', '3331133', null);
INSERT INTO `client` VALUES ('161', '0922426754001', 'MORALES ACOSTA KAREN PAOLA', 'ROCAFUERTE 648 Y MENDIBURO', '042310336', null);
INSERT INTO `client` VALUES ('162', '1790897141001', 'CAMARA OFICIAL ESPANOLA DE COMERCIO E INDUSTRIA DE QUITO', 'LA CAROLINA AV. AMAZONA S3123 Y AZUAY (ESQUINA)', '2446984', null);
INSERT INTO `client` VALUES ('163', '0190411826001', 'INGENIERIA DE SISTEMAS GRISBI CIA. LTDA.', 'PLAZA GUTIERREZ 3-29 ENTRE GONZALEZ SUAREZ Y REPUBLICA', '072860432', null);
INSERT INTO `client` VALUES ('164', '1791984110001', 'SEARCH COBRANZAS COMERCIALES CIA. LTDA.', 'AV NACIONES UNIDAS E3-39 Y AV AMAZONAS, ED PREVISORA TORRE B OF 212', '2268793', null);
INSERT INTO `client` VALUES ('165', '1790013235001', 'C.A. ECUATORIANA DE CERAMICA', 'Gonzalo Davalos y Brasil', '032967797', null);
INSERT INTO `client` VALUES ('166', '0918078940001', 'MAURO VICENTE AVECILLA CEVALLOS', 'URB. COMPOSTELA MZ. 1 VILLA 26', '046024719', null);
INSERT INTO `client` VALUES ('167', '1719387415001', 'NELLY JAMI', 'SAN LUIS DE CHILLOGALLO', '3046396', null);
INSERT INTO `client` VALUES ('168', '0992720409001', 'SWISSGAS DEL ECUADOR S.A.', 'DURAN, TAMBO KM 11 S/N', '042681920', null);
INSERT INTO `client` VALUES ('169', '1792284589001', 'COMUNICACIONES GOLD PARTNER S.A.', 'PEDRO BASAN N35-37 Y MANOSCA', '2443267', null);
INSERT INTO `client` VALUES ('170', '1710570100001', 'SERVERCOMPU', 'CAMILO PONCE ENRIQUEZ 0E7-296', '2228354', null);
INSERT INTO `client` VALUES ('171', '1703348399001', 'SAAVEDRA SALAZAR MARIA LUISA', 'AV. AMERICA N29-22 Y FRAY BARTOLOME DE LAS CASAS', '5105351', null);
INSERT INTO `client` VALUES ('172', '1791772229001', 'TECNOPLUS CIA. LTDA.', 'ISLA SAN CRISTOBAL N44-435 E ISLA SEYMOUR, SECTOR JIPIJAPA', '2272459', null);
INSERT INTO `client` VALUES ('173', '1704826336', 'PATRICIA LOPEZ', 'URUGUAY N16-12 Y BUENOS AIRES', '2227230', null);
INSERT INTO `client` VALUES ('174', '1704469772', 'NICOLAS SOJOS', 'LOS CHILLOS', '2860800', null);
INSERT INTO `client` VALUES ('175', '1715494256', 'JUAN ORDONEZ', 'FRA ANGELICO 129 Y LA GOYA, MIRAVALLE 2', '2898870', null);
INSERT INTO `client` VALUES ('176', '1768174880001', 'SERVICIO INTEGRADO DE SEGURIDAD ECU 911', 'JULIO ENDARA S/N PARQUE INTCHIMBIA', '', null);
INSERT INTO `client` VALUES ('177', '1704351079', 'FELIPE CORRAL', 'BULGARIA E7-O2 Y DIEGO DE ALMAGRO', '2237384', null);
INSERT INTO `client` VALUES ('178', '1714193628001', 'JESSICA CASTILLO', 'PUENTE 3, PASAJE 1', '0995970432', null);
INSERT INTO `client` VALUES ('179', '0603554106001', 'CRISTIAN ALEXIS LOPEZ VILLACIS', 'RIOBAMBA, ALFREDO GALLEGOS M17 Y AUGUSTO TORRES', '032306570', null);
INSERT INTO `client` VALUES ('180', '1713630554001', 'BYRON VEGA CONTRERAS', 'ROQUE DIAZ S9-19 Y FRANCISCO RUIZ', '2640405', null);
INSERT INTO `client` VALUES ('181', '1705687901', 'MARIO PRADO', 'MANUEL SAENZ E2-O1, NAYON', '', null);
INSERT INTO `client` VALUES ('182', '0190379329001', 'SOLUCIONES TECNOLOGICAS INTEGRALES ITECSO-IT CIA. LTDA.', 'ALFONSO MARIA MORA S/N Y PRIMERO DE MAYO - CUENCA', '072854939', null);
INSERT INTO `client` VALUES ('183', '1792072581001', 'VONEXT S.A.', '6 DE DICIEMBRE N31-89 Y WHYMPER', '2904999', null);
INSERT INTO `client` VALUES ('184', '1102530829', 'PACO RAMIRO REYES QUEVEDO', 'AV. PIO JARAMILLO Y ABRAN LIONCON No. 22-64', '072545974', null);
INSERT INTO `client` VALUES ('185', '1791867432001', 'INGEYECTOS S.A.', 'CALLE DEL ESTABLO LOTE #50 Y CALLE DEL CHARRO', '3801256', null);
INSERT INTO `client` VALUES ('186', '1714003413', 'XAVIER SANDOVAL', 'ELOY ALFARO , EDIFICIO FORTUNE PLAZA', '5113029', null);
INSERT INTO `client` VALUES ('187', '1713564498001', 'ELIZABETH SEGURA', 'JUJAN 515-28 TOCACHI', '2678904', null);
INSERT INTO `client` VALUES ('188', '0992220511001', 'PRACTUM S.A.', 'PASAJE JARDIN 168 Y AV. 6 DE DICIEMBRE', '3332830', null);
INSERT INTO `client` VALUES ('189', '1718650367001', 'ESPINOZA PERALTA JONATHAN FABRICIO', 'AV. 10 DE AGOSTO Y CAPITAN ALFONSO YEPEZ', '2429996', null);
INSERT INTO `client` VALUES ('190', '1391747977001', 'GENETICA NACIONAL S.A. GENETSA', 'SITIO LAS PALMAS KM 14 1/2 VIA PORTOVIEJO - MANTA', '0999191721', null);
INSERT INTO `client` VALUES ('191', '1714407150', 'JOSE GONZALEZ', 'CARAPUNGO', '0984679408', null);
INSERT INTO `client` VALUES ('192', '1704976529', 'YOLANDA GALEANO', 'AV. REPUBLICA Y ULLOA', '0987604859', null);
INSERT INTO `client` VALUES ('193', '1792647924001', 'HIGHSPEED MOTORSPORTS CIA. LTDA.', 'PASAJE SA E9-21 Y FRANCISCO DALMAU', '3465118', null);
INSERT INTO `client` VALUES ('194', '1792039444001', 'ECUATORIANA DE TICKETS ECUTICKETS S.A.', 'AV. AMERICA N34-89', '2921388', null);
INSERT INTO `client` VALUES ('195', '1700673203001', 'PLASTICOS GUIDO RAMOS', 'PASAJE N53-21 Y CAPITAN RAMON BORJA', '2409313', null);
INSERT INTO `client` VALUES ('196', '1791736958001', 'HOSPITAL VOZANDES QUITO', 'VILLALENGUA OE2-37 Y AV. 10 DE AGOSTO', '2262142', null);
INSERT INTO `client` VALUES ('197', '170917365001', 'BYRON REYES', 'SANGOLQUI', '2080327', null);
INSERT INTO `client` VALUES ('198', 'N/A', 'TECNIE', 'AV. CHIMBORAZO 705 Y PAMPITE', '2042265', '');
INSERT INTO `client` VALUES ('199', '1704074879', 'CARMEN CANDO', '19 DE JUNIO OE9-30', '3151625', null);
INSERT INTO `client` VALUES ('200', 'FERIA', 'FERIA DE LA VIVIENDA 2016', '', '', null);
INSERT INTO `client` VALUES ('201', '0992169389001', 'CASINTOUR CIA. LTDA', 'AV. YANEZ PINZON N26-243 Y AV. FRANCISCO DE ORELLANA, ED PINZON, P2', '2983800', '');
INSERT INTO `client` VALUES ('202', '0917320624', 'EDGAR CLAVIJO', 'CALLE I EL CONDADO  DEL MAGISTERIO, BL15, BP12', '0988425877', null);
INSERT INTO `client` VALUES ('203', '1792160766001', 'SMART LIVING CIA. LTDA.', 'AV. EDMUNDO CARVAJAL OE-342 Y AV. BRASIL', '2433644', null);
INSERT INTO `client` VALUES ('204', '1792414199001', 'MEGACORE CIA. LTDA.', 'JOSE VIVANVO N44-198 Y AV. EL INCA', '6019628', null);
INSERT INTO `client` VALUES ('205', '1792171946001', 'EXPRESS GRILL CIA. LTDA.', 'GUAYACANES Y JOSE BUSTOS, LOTE 4', '3283929', null);
INSERT INTO `client` VALUES ('206', '1204880494', 'HEIDEE CHONG', 'AV. 12 DE OCTUBRE Y LUIS CORDERO', '2501467', null);
INSERT INTO `client` VALUES ('207', '1716779630', 'ROBERTO ALMEIDA', 'EL INCA', '3260934', null);
INSERT INTO `client` VALUES ('208', '0602270381', 'GONZALO ARIAS', 'LA ARMENIA 2', '2078415', null);
INSERT INTO `client` VALUES ('209', '0918418948001', 'LUIS GARCIA', 'SANGOLQUI', '3133606', null);
INSERT INTO `client` VALUES ('210', '1706680998001', 'PAEZ CRUZ JOSE ERNESTO', 'AV. AMAZONAS 4430 Y VILLALENGUA', '', null);
INSERT INTO `client` VALUES ('211', '1792455502001', 'BLUELECTRON S.A.', 'AV. 10 DE AGOSTO N36-67 Y JUAN GALINDES', '6005522', null);
INSERT INTO `client` VALUES ('212', '0801261579001', 'ANGEL MORA', 'CDLA. LOS ESTEROS, MZ 21A, SOLAR 33', '0996186289', null);
INSERT INTO `client` VALUES ('213', '1715421648001', 'DIEGO AGUSTIN MEDINA DAVILA', 'JULIO ZALDUMBIDE N24-500 Y CORUNA', '2228463', null);
INSERT INTO `client` VALUES ('214', '1790693848001', 'POLIMUNDO S.A.', 'AV. AMAZONAS N3144 Y AV. ELOY ALFARO', '2505244', null);
INSERT INTO `client` VALUES ('215', '0904836202001', 'EDGAR OSWALDO CORAL PARRA', 'CALLE B 53-230 INTERSECCION CALLE C, CUMMBAYA', '3560401', null);
INSERT INTO `client` VALUES ('216', '0992634324001', 'SEGUDATOS S.A.', 'Lorenzo de Garaycoa 732 y Victor Manuel Rendon', '042301558', null);
INSERT INTO `client` VALUES ('217', '1792210143001', 'VALORES TECNOLOGICOS CREAVALTEC CIA. LTDA.', 'Yugoslavia N34-128 Y Calle Azuay', '6005111', null);
INSERT INTO `client` VALUES ('218', '1390140858001', 'INDUMASTER S.A.', 'KM 5 1/2 Via MANTA - MONTECRISTI', '053700875', null);
INSERT INTO `client` VALUES ('219', '1703853869001', 'EDGAR ALVAREZ', 'AMAZONAS Y AZUAY, ED. COPIADI, 6TO PISO', '2258397', null);
INSERT INTO `client` VALUES ('220', '1726779372001', 'ALEXANDER GUERRERO', 'AV. MARIANA DE JESUS, URB. PORTAL DE LA HACIENDA', '3186161', null);
INSERT INTO `client` VALUES ('221', '1720815818', 'PATRICIO GUERRERO', 'URB. PORTAL DE LA HACIENDA, SAN PEDRO DE TABADA', '3186161', null);
INSERT INTO `client` VALUES ('222', '1792107725001', 'QUANYX DEL ECUADOR CIA. LTDA.', 'REINA Victoria N25-33 y Av. Colon', '6005060', null);
INSERT INTO `client` VALUES ('223', '1792433274001', 'SANSFRANK EXPRES S.A.', 'NAYON', '2889862', null);
INSERT INTO `client` VALUES ('224', '0992440694001', 'IMRELEVSA IMPORTADORA DE REPUESTOS ELECTRONICOS', 'PEDRO ICAZA 715 Y BOYACA', '042314228', null);
INSERT INTO `client` VALUES ('225', '1707024707001', 'ALMACENES CREDITAZO', 'AV. DE LA PRENSA Y LIZARDO RUIZ', '2537678', null);
INSERT INTO `client` VALUES ('226', '1101951810001', 'JUAN FRANCISCO TORRES', 'AV. 10 DE AGOSTO N35-19 Y JUNA PABLO SANZ', '2443566', null);
INSERT INTO `client` VALUES ('227', '0102798501001', 'JUAN PABLO CARRION ORDONEZ', 'ARISTOTELES Y JOSE ORTEGA', '0987010300', null);
INSERT INTO `client` VALUES ('228', '1791339169001', 'TECNOACES CIA. LTDA.', 'ANTONIO NAVARRO N31-96 Y CARLOS TOBAR', '2525640', null);
INSERT INTO `client` VALUES ('229', '1792479525001', 'DIMENZUR CIA. LTDA.', 'AV. PORTUGAL E10271Y AV. 6 DE DICIEMBRE', '2460848', null);
INSERT INTO `client` VALUES ('230', '0500077359', 'ROSA ROCHA', 'SAN IGNACIO Y CORUNA', '2522789', null);
INSERT INTO `client` VALUES ('231', '1710376151', 'PAUL TELLO', 'PONCEANO ALTO', '2262142', null);
INSERT INTO `client` VALUES ('232', '019040165001', 'CORP PROTEC CIA. LTDA.', 'CALLE NAPO 1-17 E IMBABURA', '074091223', null);
INSERT INTO `client` VALUES ('233', '1802930246001', 'JUAN CARLOS ANDRADE', 'AV. 12 DE OCTUBRE 1035 Y ROCA', '2234934', null);
INSERT INTO `client` VALUES ('234', '1792499739001', 'STYLOSDKAS CIA. LTDA.', 'ERNESTO NOBOA E10-65 Y JOSE ORTON', '2548713', null);
INSERT INTO `client` VALUES ('235', '1500847015001', 'SALOMON ISAAC QUILUMBA SHIGUANO', 'CALLE FEDERICO MONTEROS Y MARIO GANNI', '09870336651', null);
INSERT INTO `client` VALUES ('236', '0201296480001', 'GEDEON GONZALEZ', '4TA TRANSVERSAL N44-376 Y FRANCISCO DE LA PINTA', '3301852', null);
INSERT INTO `client` VALUES ('237', '1712736717001', 'MISHELL OTERO', 'IGUAZU IV, CASA 17', '0996601906', null);
INSERT INTO `client` VALUES ('238', '0992739142001', 'RRACO TELECOM S.A.', 'CDLA. KENNEDY NORTE', '042680291', null);
INSERT INTO `client` VALUES ('239', '1792356326001', 'RVRTRANSFORMADORES CIA. LTDA.', 'PANAMERICANA NORTE KM 6 1/2 CALLE 3RA ESTE N7292', '2800939', null);
INSERT INTO `client` VALUES ('240', '1721884896001', 'ANTONIO CAGUANA JACOME', 'CONOCOTO', '3182099', null);
INSERT INTO `client` VALUES ('241', '1723022685001', 'CARLOS QUINTERO MALDONADO', 'AV. AMAZONAS Y COLON, EDIFICIO ESPANA, OF 85', '0995694141', null);
INSERT INTO `client` VALUES ('242', '1719005348001', 'XIMENA PATRICIA SANDOVAL CHERRES', 'SANGOLQUI AV. 10 DE DICIEMBRE Y CHIMBO', '2087814', null);
INSERT INTO `client` VALUES ('243', '1790171892001', 'AUTO DELTA CIA. LTDA.', 'AV. 10 DE AGOSTO N44-197 Y AV. EL INCA', '2241774', null);
INSERT INTO `client` VALUES ('244', '1706295886001', 'SIMBANA IZA LUIS CRISTOBAL', 'KM 5 1/2 Via MANTA - MONTECRISTI', '053700875', null);
INSERT INTO `client` VALUES ('245', '2100046792001', 'LUIS CORDOVA', 'AV. JORGE ANAZCO Y FRANCISCO DE ORELLANA', '062830059', null);
INSERT INTO `client` VALUES ('246', '1708001662', 'CRISTOBAL MANTILLA', '', '', null);
INSERT INTO `client` VALUES ('247', '1791886607001', 'CONSTRUCTORA CUMBRESOL', 'SAN IGNACIO Y 6 DE DICIEMBRE', '', null);
INSERT INTO `client` VALUES ('248', '1792492033001', 'QUANTECUA CIA. LTDA.', 'AV. AMAZONAS 3433 Y AZUAY', '2248820', null);
INSERT INTO `client` VALUES ('249', '0602048035001', 'MILTON LOPEZ', 'RIOBAMBA, LAVALLE 28-28 Y AYACUCHO', '032964921', null);
INSERT INTO `client` VALUES ('250', '1713746236', 'JORGE CIFUENTES', 'AV. ALONSO DE ANGULO OE2-53 Y PEDRO DE ALFARO', '0987058507', null);
INSERT INTO `client` VALUES ('251', '1713386710', 'MIGUEL VILLAVICENCIO', 'SUCRE E3-233 Y PICHINCHA', '0987390446', null);
INSERT INTO `client` VALUES ('252', '1791738721001', 'MEGAREDES CIA. LTDA.', 'CALLE C N48-78 Y MANUEL VALDIVIESO', '2277442', null);
INSERT INTO `client` VALUES ('253', '1103621916001', 'HERRERA ALVAREZ EDY FRANCISCO', 'JORGE PAEZ N47-106 Y GUARDERAS', '3300533', null);
INSERT INTO `client` VALUES ('254', '0906383211001', 'ALVAREZ MOSQUERA WALER LEONADO', 'Mariano Andrade N37-43 y Villalengua', '2246093', null);
INSERT INTO `client` VALUES ('255', '1002483210', 'JOSE AMADOR', 'IBARRA', '09987720368', null);
INSERT INTO `client` VALUES ('256', '0103589297001', 'SANDRO VICENTE FAJARDO PACHECO', 'ORDONEZ LASSO BARRIO SANTA MARIA', '074191735', null);
INSERT INTO `client` VALUES ('257', '1717854101001', 'DAVID EDUARDO RAMIREZ ESPINOSA', 'QUTO D204 Y I', '', null);
INSERT INTO `client` VALUES ('258', '1792088674001', 'COMUNIDAD KICHWA ANANGU', 'YANEZ PINSON 131 Y LA NIÑA', '', null);
INSERT INTO `client` VALUES ('259', '1704306776', 'GODOY ARBOLEDA HAYDEE', 'ASUNCION 1020 Y CANADA', '3214464', null);
INSERT INTO `client` VALUES ('260', '1792696364001', 'C&T MARKENTING DIGITAL', 'DIEGO DE ALMAGRO 18-22 Y ALPALLANA', '2650487', null);
INSERT INTO `client` VALUES ('261', '1805052402001', 'LEONARDO ESPIN', 'AMBATO', '032874099', null);
INSERT INTO `client` VALUES ('262', '0992135905001', 'SUMSYS TELECOM C.A.', 'CDLA. URDENOR 1 MZ 106 V48', '046005770', null);
INSERT INTO `client` VALUES ('263', '1790749509001', 'ANDES PETROLEUM ECUADOR LTD.', 'AV. NACIONES UNIDAS E10-44 Y REPUBLICA DEL SALVADOR', '2988500', null);
INSERT INTO `client` VALUES ('264', '1792289521001', 'AUNASOFTWARE', 'AV. DE LOS SHYRIS N35-174 Y SUECIA, ED RENAZZO PLAZA', '2441550', null);
INSERT INTO `client` VALUES ('265', '0992617217001', 'FACINSER S.A.', 'SMANES VII MZ 2202 VILLA 4', '045103680', null);
INSERT INTO `client` VALUES ('269', '1792064279001', 'LIDERANDO ECUADOR', 'SHYRIS Y BELGICA', '3800920', null);
INSERT INTO `client` VALUES ('270', '1791878590001', 'TECSINFO S.A.', '18 DE SEPTIEMBRE E7-26 Y AV. 6 DE DICIEMBRE', '2223214', null);
INSERT INTO `client` VALUES ('271', '1711858652', 'GANDY ENRIQUEZ', 'MONTESERRIN', '0998041410', null);
INSERT INTO `client` VALUES ('272', '1714946470', 'CHRISTIAN VELA', 'CDLA. EL RECREO', '0983752772', null);
INSERT INTO `client` VALUES ('273', '1720376151', 'PAUL TELLO', 'AV. REPUBLICA DEL SALVADOR Y PORTUGAL', '0991314799', null);
INSERT INTO `client` VALUES ('274', '1711376408001', 'PABLO REGALADO', 'VERSALLES OE2-52 Y SAN GREGORIO', '2541388', null);
INSERT INTO `client` VALUES ('275', '1792314089001', 'CORPORACION NEOATLAS S.A.', 'CHIMBORAZO S3-110 Y VELASCO IBARRA', '6007152', null);
INSERT INTO `client` VALUES ('276', '1714514112001', 'HUGO AMAYA', 'EL BOSQUE', '6007152', null);
INSERT INTO `client` VALUES ('277', '1790548252001', 'CORTINAS Y VISILLOS CORTYVIS CIA. LTDA.', 'CALDERON, CALLE DUCHICELA 536 Y 9 DE AGOSTO', '2820354', null);
INSERT INTO `client` VALUES ('278', '1001659521001', 'DORIS RUALES', 'COTOCOLLAO', '2299607', null);
INSERT INTO `client` VALUES ('279', '1791989953001', 'ABSCOMPUTER S.A.', 'RIOBAMBA N56-102 Y ALFONSO MORA', '2297860', '');
INSERT INTO `client` VALUES ('280', '1790714322001', 'TELECTRO CIA. LTDA.', 'LEONIDAS PLAZA OE1-121 Y AV. ILALO', '2344403', null);
INSERT INTO `client` VALUES ('281', '1792588286001', 'DICHTER&NEIRA', 'AV. 6 DE DICIEMBRE N34-360 Y AV. PORTUGAL', '3948070', null);
INSERT INTO `client` VALUES ('282', '1706908330001', 'ROSARIO MURILLO', 'ELOY ALFARO', '0979083358', null);
INSERT INTO `client` VALUES ('283', '1710920545001', 'ANA MALDONADO HERNANDEZ', 'AV 10 DE AGOSTO Y CAPITAN ALFONSO YEPEZ', '2411457', null);
INSERT INTO `client` VALUES ('284', '0603616046', 'SANDRA PAGUAY', 'RIOBAMBA', '0992933072', null);
INSERT INTO `client` VALUES ('285', '1791810651001', 'LC CARD S.A.', 'RUMIPAMBA OE1-41 Y AV 10 DE AGOSTO', '2559728', null);
INSERT INTO `client` VALUES ('286', '1714072426001', 'PILLAJO ANAGUANO KLEBER ROMANELI', 'GARCIA MORENO S/N', '2884906', null);
INSERT INTO `client` VALUES ('287', '0992424680001', 'LUJOR REP CIA. LTDA.', 'AV. 9 DE OCTUBRE #100 Y MALECON', '3729721', '');
INSERT INTO `client` VALUES ('288', '0703978718', 'MIGUEL NIOLA', 'ALBORADA 6TA ETAPA', '5104230', null);
INSERT INTO `client` VALUES ('289', '1801634880001', 'GRUPO SOLIS', 'PEDRO DE ALVARADO OE8 Y BARTOLEME RUIZ', '2599439', null);
INSERT INTO `client` VALUES ('291', '1792384249001', 'DELGADO LANAS CONSTRUCTURA CIA. LTDA.', 'RIO TIPUTINI 18B Y RUMIYACU', '2864590', null);
INSERT INTO `client` VALUES ('292', '060367581', 'GALO LEMA', 'RIOBAMBA', '0996780408', null);
INSERT INTO `client` VALUES ('293', '1708664121001', 'MILTON LOACHAMIN', 'FORESTAL MEDIA, SIGSIG S8-393', '2614065', null);
INSERT INTO `client` VALUES ('294', '1003190913001', 'JOSE CORO', 'CAYAMBE', '2127087', null);
INSERT INTO `client` VALUES ('295', '1100367356001', 'NORMAN ARROBO CEVALLOS', 'IMBABURA 14-B2 ENTRE SUCRE Y BOLIVA', '0995274540', null);
INSERT INTO `client` VALUES ('296', '1791918037001', 'WATER PROJECTS', '`DE LOS AZAHARES E14-135 Y LAS CLAVELINAS', '6003333', null);
INSERT INTO `client` VALUES ('297', '172222052001', 'DANIEL ROCHA', 'SAN RAFAEL', '0997788607', null);
INSERT INTO `client` VALUES ('298', '1768033980001', 'HOSPITAL DE ESPECIALIDADES EUGENIO ESPEJO', 'AV. GRAN COLOMBIA S/N Y YAGUACHI', '2507927', null);
INSERT INTO `client` VALUES ('299', '1715546576001', 'ROBERTH OBANDO', 'MARIANO POZO N77-119 Y JUNA DE SELIS', '0987365308', null);
INSERT INTO `client` VALUES ('300', '0591736175001', 'DOGMA CIA. LTDA.', 'LATACUNGA', '0995884730', null);
INSERT INTO `client` VALUES ('301', '0802600510', 'CARLOS IVAN RUEDA PANCHANO', 'BALCONES DE TACHINA (ESMERALDAS)', '0984866154', null);
INSERT INTO `client` VALUES ('302', '1711008969', 'TAYLOR FERNANDO VILLALBA MUNOZ', 'CALLE PICHINCHA EO39 Y ROCAFUERTE (CAYAMBE)', '2360878', null);
INSERT INTO `client` VALUES ('303', '1715037790001', 'DAVID RIGOBERTO SORIA ROMERO', 'MERCEDES GONZALEZ 1-74 Y ANA DE AYALA', '6011936', null);
INSERT INTO `client` VALUES ('304', '1790885186001', 'COMPUTADORES Y EQUIPOS COMPUEQUIP DOS S.A.', 'AV. MARISCAL SUCRE OE6-201 Y JOSE MIGUEL CARRION', '2992900', null);
INSERT INTO `client` VALUES ('305', '0992702591001', 'MAYORFARMA S.A.', 'JUAN MONTALVO 918 Y 12 DE FEBRERO', '043707157', null);
INSERT INTO `client` VALUES ('306', '030447782', 'FRESH WORLD LOGISTICS', '1800 NW 89TH PI', '3054774766', null);
INSERT INTO `client` VALUES ('307', '1715633713', 'FREDDY ERAZO MENA', 'SUPERMANZANA 8 Y MANZANA D ESQUINA SECTOR ISSFUT', '0968204337', null);
INSERT INTO `client` VALUES ('308', '0992363444001', 'COELTEC S.A.', 'LUIS URDANETA 304 Y BAQUERIZO MORENO', '042560064', null);
INSERT INTO `client` VALUES ('309', '1790008967001', 'BOLSA DE VALORES DE QUITO BQV S.A.', 'AV. AMAZONAS N21-252 Y CARRION ED. LONDRES', '3988500', null);
INSERT INTO `client` VALUES ('310', '0992146818001', 'ZC MAYORISTAS', 'AV. CARLOS PLAZA DANIN S/N FRENTE AL POLICENTRO', '042286683', null);
INSERT INTO `client` VALUES ('311', '171169999001', 'ING. PEREZ CASANOVA MARIANA ELIZABETH', '1007 CHILE Y GUAYAQUIL - EDIF. GUERRERO MORA', '2288355', null);
INSERT INTO `client` VALUES ('312', '1708971880001', 'MAURICIO WLADIMIR PAZMINO NARANJO', 'ISLA SEYMOUR N44-160 Y RIO COCA', '2447078', null);
INSERT INTO `client` VALUES ('313', '1791960297001', 'SMART RESEARCH', 'PASAJE POTOSI E6-268 Y MARIANA DE JESUS', '2236225', null);
INSERT INTO `client` VALUES ('314', '1790268527001', 'ADICO CIA. LTDA.', 'AV. COLON Y 9 DE OCTUBRE, ED SOLOMAR, PISO 5TO, OF 501', '2504665', null);
INSERT INTO `client` VALUES ('315', '1715849749001', 'WASHINGTON LOPEZ', 'CARCELEN', '2470892', null);
INSERT INTO `client` VALUES ('316', '1791808045001', 'CNPC CHUANQING DRILLING ENGINEERING COMPANY LIMITED', 'AV. DE LOS SHYRIS E9-38 Y BELGICA', '3800980', null);
INSERT INTO `client` VALUES ('317', '0990263205001', 'INVERSIONES INMOBILIARIAS GUAYAQUIL IGSA S.A.', 'AV. DE LAS AMERICAS Y EUGENIO ALMAZAN, ED, MECANOS P6 OF 601', '042288197', null);
INSERT INTO `client` VALUES ('318', '1707799613001', 'JUAN CARLOS ORTEGA', 'FRANCISCO VELASQUEZ N80-56 Y ANTON NUÑEZ', '0998296888', 'agchavez@msn.com');
INSERT INTO `client` VALUES ('319', '1713501060001', 'VERONICA SISALEMA', 'FRANCISCO VELASQUEZ N80-56 Y ANTON NUNEZ', '0998296888', 'agchavez@msn.com');
INSERT INTO `client` VALUES ('320', '1716330459', 'WILSON MURILLO ', 'SANTA BARBARA ', '0969086095', '');
INSERT INTO `client` VALUES ('321', '1710371897', 'LUIS PAREDES', 'SAN ISIDRO DEL INCA ', '0992911408', 'lwparedes@gmail.com');
INSERT INTO `client` VALUES ('322', '1791965779001', 'MASTERCOM COMUNICACIONES', 'JOSÉ HERBOSO Y MACHALA ', '3303045', '');
INSERT INTO `client` VALUES ('328', '1792025915001', 'CINETO TELECOMUNICACIONES S.A.', 'LA PINTA E6-29 Y LA RABIDA', '5100528', 'info@cineto.net');
INSERT INTO `client` VALUES ('330', '0602287245001', 'SEGUNDO GUARACA ', 'FERROVIARIA ALTA ', '2618695', 'segundoguaraca@gmail.com');
INSERT INTO `client` VALUES ('331', '1713288551', 'SONIA MORALES', 'CALLE E3 NO. N68-177 Y CALLE N69', '2477997', 'veronica.corral@fibran.com.ec');
INSERT INTO `client` VALUES ('332', '1391764944001', 'HOTEL CABANAS BALANDRA S.A.', 'BARRIO CORDOVA AVE. 7 CALLE 20 - MANTA', '052620545', 'compras@balandrahotel.com');

-- ----------------------------
-- Table structure for detail
-- ----------------------------
DROP TABLE IF EXISTS `detail`;
CREATE TABLE `detail` (
  `id` int(11) NOT NULL AUTO_INCREMENT,
  `voucher` int(11) DEFAULT NULL,
  `product` int(11) DEFAULT NULL,
  `observation` text,
  `state` tinyint(4) DEFAULT '0',
  PRIMARY KEY (`id`),
  KEY `voucher` (`voucher`) USING BTREE,
  KEY `product` (`product`) USING BTREE,
  CONSTRAINT `detail_ibfk_1` FOREIGN KEY (`product`) REFERENCES `product` (`id`),
  CONSTRAINT `detail_ibfk_2` FOREIGN KEY (`voucher`) REFERENCES `voucher` (`id`)
) ENGINE=InnoDB AUTO_INCREMENT=59 DEFAULT CHARSET=latin1;

-- ----------------------------
-- Records of detail
-- ----------------------------
INSERT INTO `detail` VALUES ('1', '1', '206', '', '0');
INSERT INTO `detail` VALUES ('2', '1', '207', '', '0');
INSERT INTO `detail` VALUES ('3', '1', '208', '', '0');
INSERT INTO `detail` VALUES ('4', '1', '209', '', '0');
INSERT INTO `detail` VALUES ('5', '1', '210', '', '0');
INSERT INTO `detail` VALUES ('6', '1', '211', '', '0');
INSERT INTO `detail` VALUES ('7', '1', '212', '', '0');
INSERT INTO `detail` VALUES ('8', '1', '213', '', '0');
INSERT INTO `detail` VALUES ('9', '1', '214', '', '0');
INSERT INTO `detail` VALUES ('10', '1', '215', '', '0');
INSERT INTO `detail` VALUES ('11', '1', '216', '', '0');
INSERT INTO `detail` VALUES ('12', '1', '217', '', '0');
INSERT INTO `detail` VALUES ('13', '1', '218', '', '0');
INSERT INTO `detail` VALUES ('14', '1', '219', '', '0');
INSERT INTO `detail` VALUES ('15', '1', '220', '', '0');
INSERT INTO `detail` VALUES ('16', '1', '221', '', '0');
INSERT INTO `detail` VALUES ('17', '2', '327', '', '0');
INSERT INTO `detail` VALUES ('18', '3', '374', '', '0');
INSERT INTO `detail` VALUES ('19', '3', '415', '', '0');
INSERT INTO `detail` VALUES ('20', '4', '385', 'VENTA A GIOVANNY CHAVEZ', '0');
INSERT INTO `detail` VALUES ('21', '4', '416', 'VENTA A GIOVANNY CHAVEZ', '0');
INSERT INTO `detail` VALUES ('22', '5', '435', '', '0');
INSERT INTO `detail` VALUES ('23', '5', '436', '', '0');
INSERT INTO `detail` VALUES ('24', '6', '437', '', '0');
INSERT INTO `detail` VALUES ('25', '6', '438', '', '0');
INSERT INTO `detail` VALUES ('27', '7', '509', 'USO EN SHOW ROOM', '0');
INSERT INTO `detail` VALUES ('28', '7', '500', 'USO EN RED CINETO', '0');
INSERT INTO `detail` VALUES ('29', '8', '369', '', '0');
INSERT INTO `detail` VALUES ('30', '8', '388', '', '0');
INSERT INTO `detail` VALUES ('31', '9', '510', '', '0');
INSERT INTO `detail` VALUES ('32', '10', '511', '', '1');
INSERT INTO `detail` VALUES ('33', '11', '512', '', '1');
INSERT INTO `detail` VALUES ('34', '12', '370', '\n', '0');
INSERT INTO `detail` VALUES ('35', '12', '372', '\n', '0');
INSERT INTO `detail` VALUES ('36', '12', '376', '\n', '0');
INSERT INTO `detail` VALUES ('37', '12', '390', '\n', '0');
INSERT INTO `detail` VALUES ('38', '13', '650', 'INCLUYE FUENTE Y ACCESORIOS', '0');
INSERT INTO `detail` VALUES ('39', '14', '661', 'INCLUYE FUENTE Y ACCESORIOS', '0');
INSERT INTO `detail` VALUES ('40', '14', '673', 'INCLUYE FUENTE Y ACCESORIOS', '0');
INSERT INTO `detail` VALUES ('41', '14', '664', 'INCLUYE FUENTE Y ACCESORIOS', '0');
INSERT INTO `detail` VALUES ('42', '14', '665', 'INCLUYE FUENTE Y ACCESORIOS', '0');
INSERT INTO `detail` VALUES ('43', '14', '663', 'INCLUYE FUENTE Y ACCESORIOS', '0');
INSERT INTO `detail` VALUES ('44', '14', '726', 'CIN2017440019', '0');
INSERT INTO `detail` VALUES ('45', '14', '727', 'CIN2017440018', '0');
INSERT INTO `detail` VALUES ('46', '14', '728', 'CIN2017440017', '0');
INSERT INTO `detail` VALUES ('47', '14', '729', 'CIN2017440020', '0');
INSERT INTO `detail` VALUES ('48', '14', '730', 'CIN2017440016', '0');
INSERT INTO `detail` VALUES ('49', '14', '720', '', '0');
INSERT INTO `detail` VALUES ('50', '14', '721', '', '0');
INSERT INTO `detail` VALUES ('51', '14', '722', '', '0');
INSERT INTO `detail` VALUES ('52', '14', '723', '', '0');
INSERT INTO `detail` VALUES ('53', '14', '724', '', '0');
INSERT INTO `detail` VALUES ('55', '15', '725', '', '0');
INSERT INTO `detail` VALUES ('56', '15', '731', '', '0');
INSERT INTO `detail` VALUES ('57', '16', '764', '', '0');
INSERT INTO `detail` VALUES ('58', '17', '383', '', '0');

-- ----------------------------
-- Table structure for detaildevolution
-- ----------------------------
DROP TABLE IF EXISTS `detaildevolution`;
CREATE TABLE `detaildevolution` (
  `id` int(11) NOT NULL AUTO_INCREMENT,
  `devolution` int(11) DEFAULT NULL,
  `product` int(11) DEFAULT NULL,
  `observation` text,
  PRIMARY KEY (`id`),
  KEY `voucher` (`devolution`) USING BTREE,
  KEY `product` (`product`) USING BTREE,
  CONSTRAINT `detaildevolution_ibfk_1` FOREIGN KEY (`product`) REFERENCES `product` (`id`),
  CONSTRAINT `detaildevolution_ibfk_2` FOREIGN KEY (`devolution`) REFERENCES `devolution` (`id`)
) ENGINE=InnoDB AUTO_INCREMENT=3 DEFAULT CHARSET=latin1;

-- ----------------------------
-- Records of detaildevolution
-- ----------------------------
INSERT INTO `detaildevolution` VALUES ('1', '1', '511', 'NO SE APLICO GARANTIA AL CLIENTE WILSON MURILLO');
INSERT INTO `detaildevolution` VALUES ('2', '1', '512', 'NO SE APLICO GARANTIA AL CLIENTE WILSON MURILLO ( UTILIZA SANTIAGO REYES)');

-- ----------------------------
-- Table structure for devolution
-- ----------------------------
DROP TABLE IF EXISTS `devolution`;
CREATE TABLE `devolution` (
  `id` int(11) NOT NULL AUTO_INCREMENT,
  `client` int(11) NOT NULL,
  `date` text,
  `reference` text,
  `type` tinyint(4) DEFAULT NULL,
  `user` int(11) DEFAULT NULL,
  `state` int(11) DEFAULT '0',
  PRIMARY KEY (`id`),
  KEY `client` (`client`) USING BTREE,
  KEY `user` (`user`),
  CONSTRAINT `devolution_ibfk_1` FOREIGN KEY (`user`) REFERENCES `user` (`id`),
  CONSTRAINT `devolution_ibfk_2` FOREIGN KEY (`client`) REFERENCES `client` (`id`)
) ENGINE=InnoDB AUTO_INCREMENT=2 DEFAULT CHARSET=latin1;

-- ----------------------------
-- Records of devolution
-- ----------------------------
INSERT INTO `devolution` VALUES ('1', '320', '2017-10-30', 'CAMBIO GARANTIA TECNICA 2017-10-26', null, '39', '0');

-- ----------------------------
-- Table structure for error
-- ----------------------------
DROP TABLE IF EXISTS `error`;
CREATE TABLE `error` (
  `id` int(255) unsigned zerofill NOT NULL AUTO_INCREMENT,
  `type` text,
  `date` datetime DEFAULT CURRENT_TIMESTAMP,
  `message` text,
  `user` varchar(255) DEFAULT NULL,
  `table` varchar(255) DEFAULT NULL,
  PRIMARY KEY (`id`)
) ENGINE=InnoDB AUTO_INCREMENT=16 DEFAULT CHARSET=utf8;

-- ----------------------------
-- Records of error
-- ----------------------------

-- ----------------------------
-- Table structure for event
-- ----------------------------
DROP TABLE IF EXISTS `event`;
CREATE TABLE `event` (
  `id` int(11) NOT NULL AUTO_INCREMENT,
  `table` varchar(30) DEFAULT NULL,
  `values` longtext CHARACTER SET utf8mb4 COLLATE utf8mb4_bin,
  `user` varchar(255) DEFAULT NULL,
  `date` datetime DEFAULT CURRENT_TIMESTAMP,
  `ip` varchar(255) DEFAULT NULL,
  `type` varchar(255) DEFAULT NULL,
  PRIMARY KEY (`id`)
) ENGINE=InnoDB AUTO_INCREMENT=357 DEFAULT CHARSET=utf8;

-- ----------------------------
-- Records of event
-- ----------------------------
INSERT INTO `event` VALUES ('201', 'LOGIN', null, 'SANTIAGO REYES', '2017-10-30 10:41:06', '::ffff:172.30.2.63', 'LOGIN');
INSERT INTO `event` VALUES ('202', 'VOUCHER', 0x7B226964223A22222C22636C69656E74223A22333232222C2264617465223A224D6F6E204F637420333020323031372031303A35393A323220474D542D30353030202853412050616369666963205374616E646172642054696D6529222C227265666572656E6365223A22464143545552412031343830222C2275736572223A223436227D, 'SANTIAGO REYES', '2017-10-30 10:42:18', '::ffff:172.30.2.63', 'INSERT');
INSERT INTO `event` VALUES ('203', 'DETAIL', 0x7B227365726965223A224C565346323030303032323955222C22766F7563686572223A223132222C226F62736572766174696F6E223A225C6E222C2263616E74223A2230222C22636F6465223A22227D, 'SANTIAGO REYES', '2017-10-30 10:45:22', '::ffff:172.30.2.63', 'INSERT');
INSERT INTO `event` VALUES ('204', 'DETAIL', 0x7B227365726965223A224C565346323030303031344534222C22766F7563686572223A223132222C226F62736572766174696F6E223A225C6E222C2263616E74223A2230222C22636F6465223A22227D, 'SANTIAGO REYES', '2017-10-30 10:45:56', '::ffff:172.30.2.63', 'INSERT');
INSERT INTO `event` VALUES ('205', 'DETAIL', 0x7B227365726965223A224C565346323030303034385534222C22766F7563686572223A223132222C226F62736572766174696F6E223A225C6E222C2263616E74223A2230222C22636F6465223A22227D, 'SANTIAGO REYES', '2017-10-30 10:46:10', '::ffff:172.30.2.63', 'INSERT');
INSERT INTO `event` VALUES ('206', 'DETAIL', 0x7B227365726965223A224C565346323030303037393142222C22766F7563686572223A223132222C226F62736572766174696F6E223A225C6E222C2263616E74223A2230222C22636F6465223A22227D, 'SANTIAGO REYES', '2017-10-30 10:46:17', '::ffff:172.30.2.63', 'INSERT');
INSERT INTO `event` VALUES ('207', 'LOGIN', null, 'SANTIAGO REYES', '2017-10-30 10:58:22', '::ffff:172.30.2.63', 'LOGIN');
INSERT INTO `event` VALUES ('208', 'LOGIN', null, 'WILLIAM ROMERO', '2017-10-30 11:01:13', '::ffff:172.30.2.8', 'LOGIN');
INSERT INTO `event` VALUES ('209', 'PRODUCT', 0x7B22636F6465223A2234373530303331222C226465736372697074696F6E223A22524F544541444F5220574952454C45535320484F5453504F5420333030222C22766172223A22313130222C226269223A223131222C2262696C6C223A223131222C22636F756E74223A223130222C227072696365223A2237322E3536222C226964223A22313130222C22746F74616C223A22227D, 'SANTIAGO REYES', '2017-10-30 11:20:24', '::ffff:172.30.2.63', 'UPDATE');
INSERT INTO `event` VALUES ('210', 'BILL', 0x7B226964223A223131222C2270726F7669646572223A22323435222C2274797065223A2231222C2264617465223A224D6F6E204A756C20303420323031362030303A30303A303020474D542D30353030202853412050616369666963205374616E646172642054696D6529222C227265666572656E6365223A223832352032303136222C2275736572223A223339222C227374617465223A2231227D, 'SANTIAGO REYES', '2017-10-30 11:22:24', '::ffff:172.30.2.63', 'UPDATE');
INSERT INTO `event` VALUES ('211', 'PRODUCT', 0x7B22636F6465223A2234373530303331222C226465736372697074696F6E223A22524F544541444F5220574952454C45535320484F5453504F5420333030222C22766172223A22313130222C226269223A223130222C2262696C6C223A223130222C22636F756E74223A223131222C227072696365223A2238302E3831222C226964223A22313130222C22746F74616C223A22227D, 'SANTIAGO REYES', '2017-10-30 11:36:09', '::ffff:172.30.2.63', 'UPDATE');
INSERT INTO `event` VALUES ('212', 'BILL', 0x7B226964223A223130222C2270726F7669646572223A22323435222C2274797065223A2231222C2264617465223A22576564204E6F7620313620323031362030303A30303A303020474D542D30353030202853412050616369666963205374616E646172642054696D6529222C227265666572656E6365223A22313439302032303136222C2275736572223A223339222C227374617465223A2231227D, 'SANTIAGO REYES', '2017-10-30 11:37:17', '::ffff:172.30.2.63', 'UPDATE');
INSERT INTO `event` VALUES ('213', 'PRODUCT', 0x7B22636F6465223A2234373530303331222C226465736372697074696F6E223A22524F544541444F5220574952454C45535320484F5453504F5420333030222C22766172223A22313130222C226269223A2239222C2262696C6C223A2239222C22636F756E74223A223530222C227072696365223A2236342E3631222C226964223A22313130222C22746F74616C223A22227D, 'SANTIAGO REYES', '2017-10-30 11:38:37', '::ffff:172.30.2.63', 'UPDATE');
INSERT INTO `event` VALUES ('214', 'BILL', 0x7B226964223A2239222C2270726F7669646572223A22323435222C2274797065223A2231222C2264617465223A22547565204A756C20313820323031372030303A30303A303020474D542D30353030202853412050616369666963205374616E646172642054696D6529222C227265666572656E6365223A223832352032303137222C2275736572223A223339222C227374617465223A2230227D, 'SANTIAGO REYES', '2017-10-30 11:40:01', '::ffff:172.30.2.63', 'UPDATE');
INSERT INTO `event` VALUES ('215', 'LOGIN', null, 'GABRIEL SALAZAR', '2017-10-30 11:46:56', '::ffff:172.30.2.31', 'LOGIN');
INSERT INTO `event` VALUES ('216', 'BILL', 0x7B226964223A2239222C2270726F7669646572223A22323435222C2274797065223A2231222C2264617465223A22547565204A756C20313820323031372030303A30303A303020474D542D30353030202853412050616369666963205374616E646172642054696D6529222C227265666572656E6365223A223832352032303136222C2275736572223A223339222C227374617465223A2230227D, 'SANTIAGO REYES', '2017-10-30 11:50:28', '::ffff:172.30.2.63', 'UPDATE');
INSERT INTO `event` VALUES ('217', 'BILL', 0x7B226964223A2239222C2270726F7669646572223A22323435222C2274797065223A2231222C2264617465223A22547565204A756C20313820323031372030303A30303A303020474D542D30353030202853412050616369666963205374616E646172642054696D6529222C227265666572656E6365223A223832352032303137222C2275736572223A223339222C227374617465223A2230227D, 'SANTIAGO REYES', '2017-10-30 11:52:16', '::ffff:172.30.2.63', 'UPDATE');
INSERT INTO `event` VALUES ('218', 'LOGIN', null, 'SANTIAGO REYES', '2017-10-30 12:09:49', '::ffff:172.30.2.63', 'LOGIN');
INSERT INTO `event` VALUES ('219', 'PROVIDER', 0x7B226964223A22222C22646E69223A2246414E56494C222C226E616D65223A2246414E56494C20544543484E4F4C4F475920434F204C494D49544544222C2261646472657373223A22526D343032204120342F46204368696E6120496E737572616E63652047726F7570204275696C64696E67203134312044657320566F65757820526F61642043656E7472616C20486F6E67204B6F6E67222C2270686F6E65223A222B38362D3735352D3236363437323831222C22656D61696C223A226C696E64612E79616E674066616E76696C2E636F6D227D, 'SANTIAGO REYES', '2017-10-30 12:24:48', '::ffff:172.30.2.63', 'INSERT');
INSERT INTO `event` VALUES ('220', 'LOGIN', null, 'SANTIAGO REYES', '2017-10-30 12:28:22', '::ffff:172.30.2.63', 'LOGIN');
INSERT INTO `event` VALUES ('221', 'PRODUCT', 0x7B22636F6465223A224335364850222C226465736372697074696F6E223A2254454C45464F4E4F204950204335364850222C22766172223A22313031222C226269223A2233222C2262696C6C223A2233222C22636F756E74223A223336222C227072696365223A2234322E3237222C226964223A22313031222C22746F74616C223A2230227D, 'SANTIAGO REYES', '2017-10-30 12:29:14', '::ffff:172.30.2.63', 'UPDATE');
INSERT INTO `event` VALUES ('222', 'PRODUCT', 0x7B22636F6465223A2243353650222C226465736372697074696F6E223A2254454C45464F4E4F2049502043353650222C22766172223A22313033222C226269223A2234222C2262696C6C223A2234222C22636F756E74223A2235222C227072696365223A2234322E3237222C226964223A22313033222C22746F74616C223A2230227D, 'SANTIAGO REYES', '2017-10-30 12:30:01', '::ffff:172.30.2.63', 'UPDATE');
INSERT INTO `event` VALUES ('223', 'BILL', 0x7B226964223A2236222C2270726F7669646572223A22323435222C2274797065223A2231222C2264617465223A22576564204F637420313820323031372030303A30303A303020474D542D30353030202853412050616369666963205374616E646172642054696D6529222C227265666572656E6365223A223832352032303137222C2275736572223A223436222C227374617465223A2231227D, 'SANTIAGO REYES', '2017-10-30 12:35:57', '::ffff:172.30.2.63', 'UPDATE');
INSERT INTO `event` VALUES ('224', 'BILL', 0x7B226964223A2236222C2270726F7669646572223A22323435222C2274797065223A2231222C2264617465223A22576564204F637420313820323031372030303A30303A303020474D542D30353030202853412050616369666963205374616E646172642054696D6529222C227265666572656E6365223A22313439302032303136222C2275736572223A223436222C227374617465223A2231227D, 'SANTIAGO REYES', '2017-10-30 12:38:40', '::ffff:172.30.2.63', 'UPDATE');
INSERT INTO `event` VALUES ('225', 'BILL', 0x7B226964223A2235222C2270726F7669646572223A22323435222C2274797065223A2233222C2264617465223A224D6F6E204F637420313620323031372030303A30303A303020474D542D30353030202853412050616369666963205374616E646172642054696D6529222C227265666572656E6365223A224241534520414E54202D2031382F30372F32303137202D205041434B494E47204C495354203832352032303137222C2275736572223A223432222C227374617465223A2231227D, 'SANTIAGO REYES', '2017-10-30 12:53:02', '::ffff:172.30.2.63', 'UPDATE');
INSERT INTO `event` VALUES ('226', 'BILL', 0x7B226964223A2234222C2270726F7669646572223A22323436222C2274797065223A2233222C2264617465223A224D6F6E204F637420313620323031372030303A30303A303020474D542D30353030202853412050616369666963205374616E646172642054696D6529222C227265666572656E6365223A224241534520414E54202D2030372F30362F32303133202D2047412E20535A58383431383334222C2275736572223A223432222C227374617465223A2231227D, 'SANTIAGO REYES', '2017-10-30 12:53:49', '::ffff:172.30.2.63', 'UPDATE');
INSERT INTO `event` VALUES ('227', 'BILL', 0x7B226964223A2233222C2270726F7669646572223A22323436222C2274797065223A2233222C2264617465223A224D6F6E204F637420313620323031372030303A30303A303020474D542D30353030202853412050616369666963205374616E646172642054696D6529222C227265666572656E6365223A22204241534520414E54202D2031352F30372F32303133222C2275736572223A223432222C227374617465223A2231227D, 'SANTIAGO REYES', '2017-10-30 12:54:36', '::ffff:172.30.2.63', 'UPDATE');
INSERT INTO `event` VALUES ('228', 'PRODUCT', 0x7B22636F6465223A224D52442D555342303031222C226465736372697074696F6E223A224845414453455420434F4E4E454354494E4720434F5244202D20434F4E4543544F5220555342222C22766172223A22313037222C226269223A223137222C2262696C6C223A223137222C22636F756E74223A2231222C227072696365223A2232302E3532222C226964223A22313037222C22746F74616C223A22227D, 'SANTIAGO REYES', '2017-10-30 13:00:05', '::ffff:172.30.2.63', 'UPDATE');
INSERT INTO `event` VALUES ('229', 'PRODUCT', 0x7B22636F6465223A224D52442D3330384453222C226465736372697074696F6E223A2248454144534554204D52442D3330384453202D20444F53204155524943554C41524553204D4153204D4943524F464F4E4F222C22766172223A22313036222C226269223A223137222C2262696C6C223A223137222C22636F756E74223A2231222C227072696365223A2232322E3039222C226964223A22313036222C22746F74616C223A2230227D, 'SANTIAGO REYES', '2017-10-30 13:00:52', '::ffff:172.30.2.63', 'UPDATE');
INSERT INTO `event` VALUES ('230', 'PRODUCT', 0x7B22636F6465223A224D52442D33303853222C226465736372697074696F6E223A2248454144534554204D52442D33303853202D20554E204155524943554C4152204D4153204D4943524F464F4E4F222C22766172223A22313038222C226269223A223132222C2262696C6C223A223132222C22636F756E74223A2231222C227072696365223A2231372E3336222C226964223A22313038222C22746F74616C223A2230227D, 'SANTIAGO REYES', '2017-10-30 13:02:19', '::ffff:172.30.2.63', 'UPDATE');
INSERT INTO `event` VALUES ('231', 'BILL', 0x7B226964223A223137222C2270726F7669646572223A22323434222C2274797065223A2234222C2264617465223A22546875204F637420323620323031372030303A30303A303020474D542D30353030202853412050616369666963205374616E646172642054696D6529222C227265666572656E6365223A22494E475245534F222C2275736572223A223433222C227374617465223A2230227D, 'SANTIAGO REYES', '2017-10-30 13:04:03', '::ffff:172.30.2.63', 'UPDATE');
INSERT INTO `event` VALUES ('232', 'BILL', 0x7B226964223A223132222C2270726F7669646572223A22323434222C2274797065223A2234222C2264617465223A22576564204F637420323520323031372030303A30303A303020474D542D30353030202853412050616369666963205374616E646172642054696D6529222C227265666572656E6365223A224E5545564F20494E475245534F20222C2275736572223A223433222C227374617465223A2230227D, 'SANTIAGO REYES', '2017-10-30 13:04:17', '::ffff:172.30.2.63', 'UPDATE');
INSERT INTO `event` VALUES ('233', 'LOGIN', null, 'SANTIAGO REYES', '2017-10-30 13:23:18', '::ffff:172.30.2.63', 'LOGIN');
INSERT INTO `event` VALUES ('234', 'LOGIN', null, 'ALEX CATUCUAMBA', '2017-10-30 13:27:29', '::ffff:172.30.2.8', 'LOGIN');
INSERT INTO `event` VALUES ('235', 'LOGIN', null, 'WILLIAM ROMERO', '2017-10-30 13:30:43', '::ffff:172.30.2.8', 'LOGIN');
INSERT INTO `event` VALUES ('236', 'DEVOLUTION', 0x7B226964223A22222C22636C69656E74223A22333230222C2264617465223A224D6F6E204F637420333020323031372031333A35343A323620474D542D303530302028486F7261206573742E20506163C3AD6669636F2C20537564616DC3A97269636129222C227265666572656E6365223A2243414D42494F20474152414E544941205445434E49434120323031372D31302D3236222C2275736572223A223339227D, 'WILLIAM ROMERO', '2017-10-30 13:38:09', '::ffff:172.30.2.8', 'CREATE');
INSERT INTO `event` VALUES ('239', 'LOGIN', null, 'GABRIEL SALAZAR', '2017-10-30 17:34:34', '::ffff:172.30.2.31', 'LOGIN');
INSERT INTO `event` VALUES ('240', 'LOGIN', null, 'MIGUEL TUPIZA', '2017-10-30 17:45:22', '::ffff:172.30.2.2', 'LOGIN');
INSERT INTO `event` VALUES ('241', 'BILL', 0x7B226964223A22222C2270726F7669646572223A22323436222C2274797065223A2231222C2264617465223A224D6F6E204A756C20313520323031332030303A30303A303020474D542D303530302028486F7261206573742E20506163C3AD6669636F2C20537564616DC3A97269636129222C227265666572656E6365223A22464C31332D303530322D50593031222C2275736572223A223434227D, 'MIGUEL TUPIZA', '2017-10-30 17:47:25', '::ffff:172.30.2.2', 'INSERT');
INSERT INTO `event` VALUES ('242', 'MODEL', 0x7B22636F6465223A2243353850222C226465736372697074696F6E223A2246414E56494C2049502050484F4E452043353850222C2273746F636B6D696E223A2231222C22756E6974223A2231222C2263617465676F7279223A22323435222C226272616E64223A223833227D, 'MIGUEL TUPIZA', '2017-10-30 17:58:44', '::ffff:172.30.2.2', 'INSERT');
INSERT INTO `event` VALUES ('243', 'PRODUCT', 0x7B2262696C6C223A223138222C22636F6465223A22313131222C226C6F636174696F6E223A2234222C226F62736572766174696F6E223A22222C22626172636F6465223A22464131313333303032313639227D, 'MIGUEL TUPIZA', '2017-10-30 17:59:00', '::ffff:172.30.2.2', 'INSERT');
INSERT INTO `event` VALUES ('244', 'PRODUCT', 0x7B226E756D223A2231222C226964223A22353733222C226D6F64656C223A22313131222C22626172636F6465223A22464131313333303032313639222C22636F6465223A2243353850222C2250726F647563746F223A2243353850222C22707275656261223A22313131222C22636F756E74223A2231222C226465736372697074696F6E223A2246414E56494C2049502050484F4E452043353850222C2262696C6C223A223138222C226C6F636174696F6E223A225231222C2269646C6F636174696F6E223A2234222C2263617465676F7279223A2254454C45464F4E4F204950222C226272616E64223A2246414E56494C222C227072696365223A2230222C226F62736572766174696F6E223A22227D, 'MIGUEL TUPIZA', '2017-10-30 18:00:15', '::ffff:172.30.2.2', 'DELETE');
INSERT INTO `event` VALUES ('245', 'PRODUCT', 0x7B2262696C6C223A223138222C22636F6465223A22313131222C226C6F636174696F6E223A2234222C226F62736572766174696F6E223A22222C22626172636F6465223A22464136343437303031393432227D, 'MIGUEL TUPIZA', '2017-10-30 18:01:40', '::ffff:172.30.2.2', 'INSERT');
INSERT INTO `event` VALUES ('246', 'PRODUCT', 0x7B2262696C6C223A223138222C22636F6465223A22313131222C226C6F636174696F6E223A2234222C226F62736572766174696F6E223A22222C22626172636F6465223A22464136343437303031393436227D, 'MIGUEL TUPIZA', '2017-10-30 18:01:47', '::ffff:172.30.2.2', 'INSERT');
INSERT INTO `event` VALUES ('247', 'PRODUCT', 0x7B2262696C6C223A223138222C22636F6465223A22313131222C226C6F636174696F6E223A2234222C226F62736572766174696F6E223A22222C22626172636F6465223A22464136343437303031393433227D, 'MIGUEL TUPIZA', '2017-10-30 18:01:53', '::ffff:172.30.2.2', 'INSERT');
INSERT INTO `event` VALUES ('248', 'PRODUCT', 0x7B2262696C6C223A223138222C22636F6465223A22313131222C226C6F636174696F6E223A2234222C226F62736572766174696F6E223A22222C22626172636F6465223A22464136343437303031393438227D, 'MIGUEL TUPIZA', '2017-10-30 18:02:05', '::ffff:172.30.2.2', 'INSERT');
INSERT INTO `event` VALUES ('249', 'PRODUCT', 0x7B2262696C6C223A223138222C22636F6465223A22313131222C226C6F636174696F6E223A2234222C226F62736572766174696F6E223A22222C22626172636F6465223A22464136343437303031393439227D, 'MIGUEL TUPIZA', '2017-10-30 18:02:10', '::ffff:172.30.2.2', 'INSERT');
INSERT INTO `event` VALUES ('250', 'PRODUCT', 0x7B2262696C6C223A223138222C22636F6465223A22313131222C226C6F636174696F6E223A2234222C226F62736572766174696F6E223A22222C22626172636F6465223A22464136343437303031393437227D, 'MIGUEL TUPIZA', '2017-10-30 18:02:18', '::ffff:172.30.2.2', 'INSERT');
INSERT INTO `event` VALUES ('251', 'BILL', 0x7B226964223A223138222C2270726F7669646572223A22323436222C2274797065223A2231222C2264617465223A224D6F6E204A756C20313520323031332030303A30303A303020474D542D303530302028486F7261206573742E20506163C3AD6669636F2C20537564616DC3A97269636129222C227265666572656E6365223A22464C31342D313032332D59583031222C2275736572223A223434222C227374617465223A2231227D, 'MIGUEL TUPIZA', '2017-10-30 18:07:09', '::ffff:172.30.2.2', 'UPDATE');
INSERT INTO `event` VALUES ('252', 'CLIENT', 0x7B226964223A22323031222C22646E69223A2230393932313639333839303031222C226E616D65223A22434153494E544F5552204349412E204C544441222C2261646472657373223A2241562E2059414E455A2050494E5A4F4E204E32362D32343320592041562E204652414E434953434F204445204F52454C4C414E412C2045442050494E5A4F4E2C205032222C2270686F6E65223A2232393833383030222C22656D61696C223A22227D, 'MIGUEL TUPIZA', '2017-10-30 18:09:03', '::ffff:172.30.2.2', 'UPDATE');
INSERT INTO `event` VALUES ('253', 'CLIENT', 0x7B226964223A22323837222C22646E69223A2230393932343234363830303031222C226E616D65223A224C554A4F5220524550204349412E204C5444412E222C2261646472657373223A2241562E2039204445204F43545542524520233130302059204D414C45434F4E222C2270686F6E65223A2233373239373231222C22656D61696C223A22227D, 'MIGUEL TUPIZA', '2017-10-30 18:09:55', '::ffff:172.30.2.2', 'UPDATE');
INSERT INTO `event` VALUES ('254', 'LOGIN', null, 'SANTIAGO REYES', '2017-10-30 18:14:03', '::ffff:172.30.2.63', 'LOGIN');
INSERT INTO `event` VALUES ('255', 'LOGIN', null, 'MIGUEL TUPIZA', '2017-10-31 09:03:30', '::ffff:172.30.2.2', 'LOGIN');
INSERT INTO `event` VALUES ('256', 'LOGIN', null, 'CINETO TELECOMUNICACIONES', '2017-10-31 09:05:33', '::ffff:172.30.2.8', 'LOGIN');
INSERT INTO `event` VALUES ('257', 'BILL', 0x7B226964223A223138222C2270726F7669646572223A22323436222C2274797065223A2231222C2264617465223A224D6F6E204A756C20313520323031332030303A30303A303020474D542D303530302028486F7261206573742E20506163C3AD6669636F2C20537564616DC3A97269636129222C227265666572656E6365223A22464C31342D313032332D59583031222C2275736572223A223434222C227374617465223A2230227D, 'CINETO TELECOMUNICACIONES', '2017-10-31 09:05:48', '::ffff:172.30.2.8', 'UPDATE');
INSERT INTO `event` VALUES ('258', 'PRODUCT', 0x7B226E756D223A2231222C226964223A22353734222C226D6F64656C223A22313131222C22626172636F6465223A22464136343437303031393432222C22636F6465223A2243353850222C2250726F647563746F223A2243353850222C22707275656261223A22313131222C22636F756E74223A2231222C226465736372697074696F6E223A2246414E56494C2049502050484F4E452043353850222C2262696C6C223A223138222C226C6F636174696F6E223A225231222C2269646C6F636174696F6E223A2234222C2263617465676F7279223A2254454C45464F4E4F204950222C226272616E64223A2246414E56494C222C227072696365223A2230222C226F62736572766174696F6E223A22227D, 'MIGUEL TUPIZA', '2017-10-31 09:06:04', '::ffff:172.30.2.2', 'DELETE');
INSERT INTO `event` VALUES ('259', 'PRODUCT', 0x7B226E756D223A2232222C226964223A22353735222C226D6F64656C223A22313131222C22626172636F6465223A22464136343437303031393436222C22636F6465223A2243353850222C2250726F647563746F223A2243353850222C22707275656261223A22313131222C22636F756E74223A2231222C226465736372697074696F6E223A2246414E56494C2049502050484F4E452043353850222C2262696C6C223A223138222C226C6F636174696F6E223A225231222C2269646C6F636174696F6E223A2234222C2263617465676F7279223A2254454C45464F4E4F204950222C226272616E64223A2246414E56494C222C227072696365223A2230222C226F62736572766174696F6E223A22227D, 'MIGUEL TUPIZA', '2017-10-31 09:06:06', '::ffff:172.30.2.2', 'DELETE');
INSERT INTO `event` VALUES ('260', 'PRODUCT', 0x7B226E756D223A2233222C226964223A22353736222C226D6F64656C223A22313131222C22626172636F6465223A22464136343437303031393433222C22636F6465223A2243353850222C2250726F647563746F223A2243353850222C22707275656261223A22313131222C22636F756E74223A2231222C226465736372697074696F6E223A2246414E56494C2049502050484F4E452043353850222C2262696C6C223A223138222C226C6F636174696F6E223A225231222C2269646C6F636174696F6E223A2234222C2263617465676F7279223A2254454C45464F4E4F204950222C226272616E64223A2246414E56494C222C227072696365223A2230222C226F62736572766174696F6E223A22227D, 'MIGUEL TUPIZA', '2017-10-31 09:06:07', '::ffff:172.30.2.2', 'DELETE');
INSERT INTO `event` VALUES ('261', 'PRODUCT', 0x7B226E756D223A2235222C226964223A22353738222C226D6F64656C223A22313131222C22626172636F6465223A22464136343437303031393439222C22636F6465223A2243353850222C2250726F647563746F223A2243353850222C22707275656261223A22313131222C22636F756E74223A2231222C226465736372697074696F6E223A2246414E56494C2049502050484F4E452043353850222C2262696C6C223A223138222C226C6F636174696F6E223A225231222C2269646C6F636174696F6E223A2234222C2263617465676F7279223A2254454C45464F4E4F204950222C226272616E64223A2246414E56494C222C227072696365223A2230222C226F62736572766174696F6E223A22227D, 'MIGUEL TUPIZA', '2017-10-31 09:06:09', '::ffff:172.30.2.2', 'DELETE');
INSERT INTO `event` VALUES ('262', 'PRODUCT', 0x7B226E756D223A2234222C226964223A22353737222C226D6F64656C223A22313131222C22626172636F6465223A22464136343437303031393438222C22636F6465223A2243353850222C2250726F647563746F223A2243353850222C22707275656261223A22313131222C22636F756E74223A2231222C226465736372697074696F6E223A2246414E56494C2049502050484F4E452043353850222C2262696C6C223A223138222C226C6F636174696F6E223A225231222C2269646C6F636174696F6E223A2234222C2263617465676F7279223A2254454C45464F4E4F204950222C226272616E64223A2246414E56494C222C227072696365223A2230222C226F62736572766174696F6E223A22227D, 'MIGUEL TUPIZA', '2017-10-31 09:06:10', '::ffff:172.30.2.2', 'DELETE');
INSERT INTO `event` VALUES ('263', 'PRODUCT', 0x7B226E756D223A2236222C226964223A22353739222C226D6F64656C223A22313131222C22626172636F6465223A22464136343437303031393437222C22636F6465223A2243353850222C2250726F647563746F223A2243353850222C22707275656261223A22313131222C22636F756E74223A2231222C226465736372697074696F6E223A2246414E56494C2049502050484F4E452043353850222C2262696C6C223A223138222C226C6F636174696F6E223A225231222C2269646C6F636174696F6E223A2234222C2263617465676F7279223A2254454C45464F4E4F204950222C226272616E64223A2246414E56494C222C227072696365223A2230222C226F62736572766174696F6E223A22227D, 'MIGUEL TUPIZA', '2017-10-31 09:06:12', '::ffff:172.30.2.2', 'DELETE');
INSERT INTO `event` VALUES ('264', 'LOGIN', null, 'SANTIAGO REYES', '2017-10-31 09:15:31', '::ffff:172.30.2.63', 'LOGIN');
INSERT INTO `event` VALUES ('265', 'LOGIN', null, 'SANTIAGO REYES', '2017-10-31 09:15:59', '::ffff:172.30.2.63', 'LOGIN');
INSERT INTO `event` VALUES ('266', 'BILL', 0x7B226964223A22222C2270726F7669646572223A22323436222C2274797065223A2231222C2264617465223A224D6F6E204A756C20313520323031332030303A30303A303020474D542D303530302028486F7261206573742E20506163C3AD6669636F2C20537564616DC3A97269636129222C227265666572656E6365223A22464C31332D303530322D50593031222C2275736572223A223434227D, 'MIGUEL TUPIZA', '2017-10-31 09:35:05', '::ffff:172.30.2.2', 'INSERT');
INSERT INTO `event` VALUES ('267', 'LOGIN', null, 'SANTIAGO REYES', '2017-10-31 09:35:11', '::ffff:172.30.2.63', 'LOGIN');
INSERT INTO `event` VALUES ('268', 'PRODUCT', 0x7B22636F6465223A2243353850222C226465736372697074696F6E223A2246414E56494C2049502050484F4E452043353850222C22766172223A22313131222C226269223A223138222C2262696C6C223A223138222C22636F756E74223A223730222C227072696365223A2234392E3933222C226964223A22313131222C22746F74616C223A2230227D, 'SANTIAGO REYES', '2017-10-31 09:37:33', '::ffff:172.30.2.63', 'UPDATE');
INSERT INTO `event` VALUES ('269', 'LOGIN', null, 'SANTIAGO REYES', '2017-10-31 09:40:43', '::ffff:172.30.2.63', 'LOGIN');
INSERT INTO `event` VALUES ('270', 'PRODUCT', 0x7B226E756D223A223234222C226964223A22363936222C226D6F64656C223A22313038222C22626172636F6465223A22532F4E222C22636F6465223A224D52442D33303853222C2250726F647563746F223A224D52442D33303853222C22707275656261223A22313038222C22636F756E74223A2231222C226465736372697074696F6E223A2248454144534554204D52442D33303853202D20554E204155524943554C4152204D4153204D4943524F464F4E4F222C2262696C6C223A223132222C226C6F636174696F6E223A225331222C2269646C6F636174696F6E223A2232222C2263617465676F7279223A2248454144534554222C226272616E64223A224D4149524449222C227072696365223A22222C226F62736572766174696F6E223A22227D, 'SANTIAGO REYES', '2017-10-31 09:51:53', '::ffff:172.30.2.63', 'DELETE');
INSERT INTO `event` VALUES ('271', 'PRODUCT', 0x7B226E756D223A223235222C226964223A22363937222C226D6F64656C223A22313038222C22626172636F6465223A22532F4E222C22636F6465223A224D52442D33303853222C2250726F647563746F223A224D52442D33303853222C22707275656261223A22313038222C22636F756E74223A2231222C226465736372697074696F6E223A2248454144534554204D52442D33303853202D20554E204155524943554C4152204D4153204D4943524F464F4E4F222C2262696C6C223A223132222C226C6F636174696F6E223A225331222C2269646C6F636174696F6E223A2232222C2263617465676F7279223A2248454144534554222C226272616E64223A224D4149524449222C227072696365223A22222C226F62736572766174696F6E223A22227D, 'SANTIAGO REYES', '2017-10-31 09:52:06', '::ffff:172.30.2.63', 'DELETE');
INSERT INTO `event` VALUES ('272', 'PRODUCT', 0x7B226E756D223A223233222C226964223A22363935222C226D6F64656C223A22313038222C22626172636F6465223A22532F4E222C22636F6465223A224D52442D33303853222C2250726F647563746F223A224D52442D33303853222C22707275656261223A22313038222C22636F756E74223A2231222C226465736372697074696F6E223A2248454144534554204D52442D33303853202D20554E204155524943554C4152204D4153204D4943524F464F4E4F222C2262696C6C223A223132222C226C6F636174696F6E223A225331222C2269646C6F636174696F6E223A2232222C2263617465676F7279223A2248454144534554222C226272616E64223A224D4149524449222C227072696365223A22222C226F62736572766174696F6E223A22227D, 'SANTIAGO REYES', '2017-10-31 09:52:14', '::ffff:172.30.2.63', 'DELETE');
INSERT INTO `event` VALUES ('273', 'PRODUCT', 0x7B226E756D223A223236222C226964223A22363938222C226D6F64656C223A22313038222C22626172636F6465223A22532F4E222C22636F6465223A224D52442D33303853222C2250726F647563746F223A224D52442D33303853222C22707275656261223A22313038222C22636F756E74223A2231222C226465736372697074696F6E223A2248454144534554204D52442D33303853202D20554E204155524943554C4152204D4153204D4943524F464F4E4F222C2262696C6C223A223132222C226C6F636174696F6E223A225331222C2269646C6F636174696F6E223A2232222C2263617465676F7279223A2248454144534554222C226272616E64223A224D4149524449222C227072696365223A22222C226F62736572766174696F6E223A22227D, 'SANTIAGO REYES', '2017-10-31 09:52:17', '::ffff:172.30.2.63', 'DELETE');
INSERT INTO `event` VALUES ('274', 'PRODUCT', 0x7B226E756D223A223232222C226964223A22363934222C226D6F64656C223A22313038222C22626172636F6465223A22532F4E222C22636F6465223A224D52442D33303853222C2250726F647563746F223A224D52442D33303853222C22707275656261223A22313038222C22636F756E74223A2231222C226465736372697074696F6E223A2248454144534554204D52442D33303853202D20554E204155524943554C4152204D4153204D4943524F464F4E4F222C2262696C6C223A223132222C226C6F636174696F6E223A225331222C2269646C6F636174696F6E223A2232222C2263617465676F7279223A2248454144534554222C226272616E64223A224D4149524449222C227072696365223A22222C226F62736572766174696F6E223A22227D, 'SANTIAGO REYES', '2017-10-31 09:52:22', '::ffff:172.30.2.63', 'DELETE');
INSERT INTO `event` VALUES ('275', 'PRODUCT', 0x7B226E756D223A223237222C226964223A22363939222C226D6F64656C223A22313038222C22626172636F6465223A22532F4E222C22636F6465223A224D52442D33303853222C2250726F647563746F223A224D52442D33303853222C22707275656261223A22313038222C22636F756E74223A2231222C226465736372697074696F6E223A2248454144534554204D52442D33303853202D20554E204155524943554C4152204D4153204D4943524F464F4E4F222C2262696C6C223A223132222C226C6F636174696F6E223A225331222C2269646C6F636174696F6E223A2232222C2263617465676F7279223A2248454144534554222C226272616E64223A224D4149524449222C227072696365223A22222C226F62736572766174696F6E223A22227D, 'SANTIAGO REYES', '2017-10-31 09:52:26', '::ffff:172.30.2.63', 'DELETE');
INSERT INTO `event` VALUES ('276', 'PRODUCT', 0x7B2262696C6C223A223132222C22636F6465223A22313038222C226C6F636174696F6E223A2232222C226F62736572766174696F6E223A22222C22626172636F6465223A2243494E32303137343430303136227D, 'SANTIAGO REYES', '2017-10-31 09:52:58', '::ffff:172.30.2.63', 'INSERT');
INSERT INTO `event` VALUES ('277', 'PRODUCT', 0x7B2262696C6C223A223132222C22636F6465223A22313038222C226C6F636174696F6E223A2232222C226F62736572766174696F6E223A22222C22626172636F6465223A2243494E32303137343430303137227D, 'SANTIAGO REYES', '2017-10-31 09:53:03', '::ffff:172.30.2.63', 'INSERT');
INSERT INTO `event` VALUES ('278', 'PRODUCT', 0x7B2262696C6C223A223132222C22636F6465223A22313038222C226C6F636174696F6E223A2232222C226F62736572766174696F6E223A22222C22626172636F6465223A2243494E32303137343430303138227D, 'SANTIAGO REYES', '2017-10-31 09:53:08', '::ffff:172.30.2.63', 'INSERT');
INSERT INTO `event` VALUES ('279', 'PRODUCT', 0x7B2262696C6C223A223132222C22636F6465223A22313038222C226C6F636174696F6E223A2232222C226F62736572766174696F6E223A22222C22626172636F6465223A2243494E32303137343430303139227D, 'SANTIAGO REYES', '2017-10-31 09:53:13', '::ffff:172.30.2.63', 'INSERT');
INSERT INTO `event` VALUES ('280', 'PRODUCT', 0x7B2262696C6C223A223132222C22636F6465223A22313038222C226C6F636174696F6E223A2232222C226F62736572766174696F6E223A22222C22626172636F6465223A2243494E32303137343430303230227D, 'SANTIAGO REYES', '2017-10-31 09:53:17', '::ffff:172.30.2.63', 'INSERT');
INSERT INTO `event` VALUES ('281', 'PRODUCT', 0x7B2262696C6C223A223132222C22636F6465223A22313038222C226C6F636174696F6E223A2232222C226F62736572766174696F6E223A22222C22626172636F6465223A2243494E32303137343430303231227D, 'SANTIAGO REYES', '2017-10-31 09:53:22', '::ffff:172.30.2.63', 'INSERT');
INSERT INTO `event` VALUES ('282', 'LOGIN', null, 'GABRIEL SALAZAR', '2017-10-31 09:57:35', '::ffff:172.30.2.31', 'LOGIN');
INSERT INTO `event` VALUES ('283', 'VOUCHER', 0x7B226964223A22222C22636C69656E74223A22323837222C2264617465223A22547565204F637420333120323031372031303A30363A343420474D542D303530302028486F7261206573742E20506163C3AD6669636F2C20537564616DC3A97269636129222C227265666572656E6365223A22464143545552412031343832222C2275736572223A223434227D, 'MIGUEL TUPIZA', '2017-10-31 10:24:20', '::ffff:172.30.2.2', 'INSERT');
INSERT INTO `event` VALUES ('284', 'DETAIL', 0x7B227365726965223A22666131313333303032313937222C22766F7563686572223A223133222C226F62736572766174696F6E223A22222C2263616E74223A2230222C22636F6465223A22227D, 'MIGUEL TUPIZA', '2017-10-31 10:24:59', '::ffff:172.30.2.2', 'INSERT');
INSERT INTO `event` VALUES ('285', 'VOUCHER', 0x7B226964223A22222C22636C69656E74223A22323031222C2264617465223A22547565204F637420333120323031372031313A30363A343820474D542D303530302028486F7261206573742E20506163C3AD6669636F2C20537564616DC3A97269636129222C227265666572656E6365223A22464143545552412031343831222C2275736572223A223434227D, 'MIGUEL TUPIZA', '2017-10-31 10:49:18', '::ffff:172.30.2.2', 'INSERT');
INSERT INTO `event` VALUES ('286', 'DETAIL', 0x7B227365726965223A22666131313333303032313938222C22766F7563686572223A223134222C226F62736572766174696F6E223A22222C2263616E74223A2230222C22636F6465223A22227D, 'MIGUEL TUPIZA', '2017-10-31 10:49:54', '::ffff:172.30.2.2', 'INSERT');
INSERT INTO `event` VALUES ('287', 'DETAIL', 0x7B227365726965223A22666131313333303032313939222C22766F7563686572223A223134222C226F62736572766174696F6E223A22222C2263616E74223A2230222C22636F6465223A22227D, 'MIGUEL TUPIZA', '2017-10-31 10:49:58', '::ffff:172.30.2.2', 'INSERT');
INSERT INTO `event` VALUES ('288', 'DETAIL', 0x7B227365726965223A22666131313333303032313933222C22766F7563686572223A223134222C226F62736572766174696F6E223A22222C2263616E74223A2230222C22636F6465223A22227D, 'MIGUEL TUPIZA', '2017-10-31 10:50:01', '::ffff:172.30.2.2', 'INSERT');
INSERT INTO `event` VALUES ('289', 'DETAIL', 0x7B227365726965223A22666131313333303032313932222C22766F7563686572223A223134222C226F62736572766174696F6E223A22222C2263616E74223A2230222C22636F6465223A22227D, 'MIGUEL TUPIZA', '2017-10-31 10:50:04', '::ffff:172.30.2.2', 'INSERT');
INSERT INTO `event` VALUES ('290', 'DETAIL', 0x7B227365726965223A22666131313333303032313936222C22766F7563686572223A223134222C226F62736572766174696F6E223A22222C2263616E74223A2230222C22636F6465223A22227D, 'MIGUEL TUPIZA', '2017-10-31 10:50:10', '::ffff:172.30.2.2', 'INSERT');
INSERT INTO `event` VALUES ('291', 'LOGIN', null, 'ALEX CATUCUAMBA', '2017-10-31 11:00:24', '::ffff:172.30.2.26', 'LOGIN');
INSERT INTO `event` VALUES ('292', 'BILL', 0x7B226964223A22222C2270726F7669646572223A22323434222C2274797065223A2231222C2264617465223A224D6F6E2053657020313920323031362030303A30303A303020474D542D303530302028486F7261206573742E20506163C3AD6669636F2C20537564616DC3A97269636129222C227265666572656E6365223A223136303931343031314E222C2275736572223A223434227D, 'MIGUEL TUPIZA', '2017-10-31 11:01:18', '::ffff:172.30.2.2', 'INSERT');
INSERT INTO `event` VALUES ('293', 'LOGIN', null, 'ALEX CATUCUAMBA', '2017-10-31 11:05:16', '::ffff:172.30.2.26', 'LOGIN');
INSERT INTO `event` VALUES ('294', 'DETAIL', 0x7B227365726965223A2263696E32303137343430303136222C22766F7563686572223A223134222C226F62736572766174696F6E223A22222C2263616E74223A2230222C22636F6465223A22227D, 'MIGUEL TUPIZA', '2017-10-31 11:06:02', '::ffff:172.30.2.2', 'INSERT');
INSERT INTO `event` VALUES ('295', 'DETAIL', 0x7B227365726965223A2263696E32303137343430303137222C22766F7563686572223A223134222C226F62736572766174696F6E223A22222C2263616E74223A2230222C22636F6465223A22227D, 'MIGUEL TUPIZA', '2017-10-31 11:06:06', '::ffff:172.30.2.2', 'INSERT');
INSERT INTO `event` VALUES ('296', 'DETAIL', 0x7B227365726965223A2263696E32303137343430303138222C22766F7563686572223A223134222C226F62736572766174696F6E223A22222C2263616E74223A2230222C22636F6465223A22227D, 'MIGUEL TUPIZA', '2017-10-31 11:06:09', '::ffff:172.30.2.2', 'INSERT');
INSERT INTO `event` VALUES ('297', 'DETAIL', 0x7B227365726965223A2263696E32303137343430303139222C22766F7563686572223A223134222C226F62736572766174696F6E223A22222C2263616E74223A2230222C22636F6465223A22227D, 'MIGUEL TUPIZA', '2017-10-31 11:06:12', '::ffff:172.30.2.2', 'INSERT');
INSERT INTO `event` VALUES ('298', 'DETAIL', 0x7B227365726965223A2263696E32303137343430303230222C22766F7563686572223A223134222C226F62736572766174696F6E223A22222C2263616E74223A2230222C22636F6465223A22227D, 'MIGUEL TUPIZA', '2017-10-31 11:06:16', '::ffff:172.30.2.2', 'INSERT');
INSERT INTO `event` VALUES ('299', 'DETAIL', 0x7B227365726965223A2263696E32303137343430303231222C22766F7563686572223A223134222C226F62736572766174696F6E223A22222C2263616E74223A2230222C22636F6465223A22227D, 'MIGUEL TUPIZA', '2017-10-31 11:06:19', '::ffff:172.30.2.2', 'INSERT');
INSERT INTO `event` VALUES ('300', 'DETAIL', 0x7B226E756D223A223136222C226E616D65223A22434153494E544F5552204349412E204C544441222C22626172636F6465223A2243494E32303137343430303231222C226465736372697074696F6E223A2248454144534554204D52442D33303853202D20554E204155524943554C4152204D4153204D4943524F464F4E4F222C22636F6465223A224D52442D33303853222C22707275656261223A22313038222C22636F756E74223A2231222C22766F7563686572223A223134222C226964223A223534222C22696470726F64756374223A22373235222C226F62736572766174696F6E223A22227D, 'MIGUEL TUPIZA', '2017-10-31 11:08:30', '::ffff:172.30.2.2', 'DELETE');
INSERT INTO `event` VALUES ('301', 'LOGIN', null, 'SANTIAGO REYES', '2017-10-31 11:13:34', '::ffff:172.30.2.63', 'LOGIN');
INSERT INTO `event` VALUES ('302', 'PRODUCT', 0x7B22636F6465223A224D52442D51443030322820412029222C226465736372697074696F6E223A224845414453455420434F4E4E454354494E4720434F5244202D20434F4E4543544F5220524A39222C22766172223A22313039222C226269223A223230222C2262696C6C223A223230222C22636F756E74223A223137222C227072696365223A22382E3633222C226964223A22313039222C22746F74616C223A22227D, 'SANTIAGO REYES', '2017-10-31 11:16:34', '::ffff:172.30.2.63', 'UPDATE');
INSERT INTO `event` VALUES ('303', 'LOGIN', null, 'WILLIAM ROMERO', '2017-10-31 11:16:55', '::ffff:172.30.2.8', 'LOGIN');
INSERT INTO `event` VALUES ('304', 'MODEL', 0x7B226964223A22313131222C22636F6465223A2243353850222C226465736372697074696F6E223A2254454C45464F4E4F2049502046414E56494C202043353850222C227072696365223A22222C2273746F636B6D696E223A2231222C22756E6974223A2231222C2263617465676F7279223A22323435222C226272616E64223A223833222C22636F756E74223A223838222C22636F756E7445223A2236227D, 'WILLIAM ROMERO', '2017-10-31 11:18:00', '::ffff:172.30.2.8', 'UPDATE');
INSERT INTO `event` VALUES ('305', 'MODEL', 0x7B226964223A22313131222C22636F6465223A2243353850222C226465736372697074696F6E223A2254454C45464F4E4F2049502043353850222C227072696365223A22222C2273746F636B6D696E223A2231222C22756E6974223A2231222C2263617465676F7279223A22323435222C226272616E64223A223833222C22636F756E74223A223838222C22636F756E7445223A2236227D, 'WILLIAM ROMERO', '2017-10-31 11:20:27', '::ffff:172.30.2.8', 'UPDATE');
INSERT INTO `event` VALUES ('306', 'LOGIN', null, 'MIGUEL TUPIZA', '2017-10-31 12:14:22', '::ffff:172.30.2.2', 'LOGIN');
INSERT INTO `event` VALUES ('307', 'LOGIN', null, 'MIGUEL TUPIZA', '2017-10-31 12:14:58', '::ffff:172.30.2.2', 'LOGIN');
INSERT INTO `event` VALUES ('308', 'LOGIN', null, 'MIGUEL TUPIZA', '2017-10-31 15:04:37', '::ffff:172.30.2.2', 'LOGIN');
INSERT INTO `event` VALUES ('309', 'LOGIN', null, 'SANTIAGO REYES', '2017-10-31 15:06:25', '::ffff:172.30.2.63', 'LOGIN');
INSERT INTO `event` VALUES ('310', 'LOGIN', null, 'SANTIAGO REYES', '2017-10-31 15:06:48', '::ffff:172.30.2.63', 'LOGIN');
INSERT INTO `event` VALUES ('311', 'BILL', 0x7B226964223A223138222C2270726F7669646572223A22323436222C2274797065223A2231222C2264617465223A224D6F6E204A756C20313520323031332030303A30303A303020474D542D30353030202853412050616369666963205374616E646172642054696D6529222C227265666572656E6365223A22464C31342D313032332D59583031222C2275736572223A223434222C227374617465223A2230227D, 'SANTIAGO REYES', '2017-10-31 15:07:17', '::ffff:172.30.2.63', 'UPDATE');
INSERT INTO `event` VALUES ('312', 'LOGIN', null, 'GABRIEL SALAZAR', '2017-10-31 15:23:09', '::ffff:172.30.2.31', 'LOGIN');
INSERT INTO `event` VALUES ('313', 'LOGIN', null, 'GABRIEL SALAZAR', '2017-10-31 15:24:12', '::ffff:172.30.2.31', 'LOGIN');
INSERT INTO `event` VALUES ('314', 'LOGIN', null, 'ALEX CATUCUAMBA', '2017-10-31 15:35:18', '::ffff:172.30.2.26', 'LOGIN');
INSERT INTO `event` VALUES ('315', 'LOGIN', null, 'ALEX CATUCUAMBA', '2017-10-31 15:44:52', '::ffff:172.30.2.26', 'LOGIN');
INSERT INTO `event` VALUES ('316', 'LOGIN', null, 'MIGUEL TUPIZA', '2017-10-31 16:29:23', '::ffff:172.30.2.2', 'LOGIN');
INSERT INTO `event` VALUES ('317', 'LOGIN', null, 'GABRIEL SALAZAR', '2017-10-31 16:34:46', '::ffff:172.30.2.24', 'LOGIN');
INSERT INTO `event` VALUES ('318', 'MODEL', 0x7B226964223A22222C22636F6465223A2244393030222C226465736372697074696F6E223A2254454C45464F4E4F20444520564944454F222C2273746F636B6D696E223A2235222C22756E6974223A2231222C226272616E64223A223833222C2263617465676F7279223A22323435222C22636F756E74223A2230227D, 'MIGUEL TUPIZA', '2017-10-31 16:35:58', '::ffff:172.30.2.2', 'INSERT');
INSERT INTO `event` VALUES ('319', 'MODEL', 0x7B226964223A22313132222C22636F6465223A2244393030222C226465736372697074696F6E223A2254454C45464F4E4F20444520564944454F222C227072696365223A22222C2273746F636B6D696E223A2235222C22756E6974223A2231222C2263617465676F7279223A22323435222C226272616E64223A223833222C22636F756E74223A2230222C22636F756E7445223A2230227D, 'MIGUEL TUPIZA', '2017-10-31 16:42:09', '::ffff:172.30.2.2', 'DELETE');
INSERT INTO `event` VALUES ('320', 'MODEL', 0x7B226964223A22222C22636F6465223A2244393030222C226465736372697074696F6E223A2254454C45464F4E4F20495020444520564944454F222C2273746F636B6D696E223A2235222C22756E6974223A2231222C226272616E64223A223833222C2263617465676F7279223A22323435222C22636F756E74223A2230227D, 'MIGUEL TUPIZA', '2017-10-31 16:42:44', '::ffff:172.30.2.2', 'INSERT');
INSERT INTO `event` VALUES ('321', 'MODEL', 0x7B226964223A22222C22636F6465223A224132222C226465736372697074696F6E223A22415441203220465853222C2273746F636B6D696E223A223130222C22756E6974223A2231222C226272616E64223A223833222C2263617465676F7279223A22323437222C22636F756E74223A2230227D, 'MIGUEL TUPIZA', '2017-10-31 16:43:16', '::ffff:172.30.2.2', 'INSERT');
INSERT INTO `event` VALUES ('322', 'LOGIN', null, 'CINETO TELECOMUNICACIONES', '2017-10-31 16:56:32', '::ffff:172.30.2.8', 'LOGIN');
INSERT INTO `event` VALUES ('323', 'LOCATION', 0x7B226964223A22222C226E616D65223A225232222C226465736372697074696F6E223A22504153494C4C4F2043494E45544F227D, 'CINETO TELECOMUNICACIONES', '2017-10-31 16:58:25', '::ffff:172.30.2.8', 'INSERT');
INSERT INTO `event` VALUES ('324', 'LOGIN', null, 'SANTIAGO REYES', '2017-10-31 18:35:49', '::ffff:172.30.2.63', 'LOGIN');
INSERT INTO `event` VALUES ('325', 'PRODUCT', 0x7B22636F6465223A2243353850222C226465736372697074696F6E223A2254454C45464F4E4F2049502043353850222C22766172223A22313131222C226269223A223139222C2262696C6C223A223139222C22636F756E74223A223234222C227072696365223A2234392E3933222C226964223A22313131222C22746F74616C223A2230227D, 'SANTIAGO REYES', '2017-10-31 18:37:35', '::ffff:172.30.2.63', 'UPDATE');
INSERT INTO `event` VALUES ('326', 'PRODUCT', 0x7B22636F6465223A224132222C226465736372697074696F6E223A22415441203220465853222C22766172223A22313137222C226269223A223138222C2262696C6C223A223138222C22636F756E74223A223138222C227072696365223A2234302E3439222C226964223A22313137222C22746F74616C223A2230227D, 'SANTIAGO REYES', '2017-10-31 18:38:43', '::ffff:172.30.2.63', 'UPDATE');
INSERT INTO `event` VALUES ('327', 'PRODUCT', 0x7B22636F6465223A2244393030222C226465736372697074696F6E223A2254454C45464F4E4F20495020444520564944454F222C22766172223A22313136222C226269223A223138222C2262696C6C223A223138222C22636F756E74223A2233222C227072696365223A223237362E3635222C226964223A22313136222C22746F74616C223A2230227D, 'SANTIAGO REYES', '2017-10-31 18:40:10', '::ffff:172.30.2.63', 'UPDATE');
INSERT INTO `event` VALUES ('328', 'PRODUCT', 0x7B22636F6465223A224D52442D555342303031222C226465736372697074696F6E223A224845414453455420434F4E4E454354494E4720434F5244202D20434F4E4543544F5220555342222C22766172223A22313037222C226269223A223137222C2262696C6C223A223137222C22636F756E74223A223337222C227072696365223A2232302E3532222C226964223A22313037222C22746F74616C223A22227D, 'SANTIAGO REYES', '2017-10-31 18:41:03', '::ffff:172.30.2.63', 'UPDATE');
INSERT INTO `event` VALUES ('329', 'PRODUCT', 0x7B22636F6465223A224D52442D3330384453222C226465736372697074696F6E223A2248454144534554204D52442D3330384453202D20444F53204155524943554C41524553204D4153204D4943524F464F4E4F222C22766172223A22313036222C226269223A223137222C2262696C6C223A223137222C22636F756E74223A223235222C227072696365223A2232322E3039222C226964223A22313036222C22746F74616C223A22227D, 'SANTIAGO REYES', '2017-10-31 18:41:25', '::ffff:172.30.2.63', 'UPDATE');
INSERT INTO `event` VALUES ('330', 'PRODUCT', 0x7B22636F6465223A224D52442D33303853222C226465736372697074696F6E223A2248454144534554204D52442D33303853202D20554E204155524943554C4152204D4153204D4943524F464F4E4F222C22766172223A22313038222C226269223A223132222C2262696C6C223A223132222C22636F756E74223A223437222C227072696365223A2231372E3336222C226964223A22313038222C22746F74616C223A2230227D, 'SANTIAGO REYES', '2017-10-31 18:42:47', '::ffff:172.30.2.63', 'UPDATE');
INSERT INTO `event` VALUES ('331', 'PRODUCT', 0x7B22636F6465223A224D52442D33303853222C226465736372697074696F6E223A2248454144534554204D52442D33303853202D20554E204155524943554C4152204D4153204D4943524F464F4E4F222C22766172223A22313038222C226269223A223132222C2262696C6C223A223132222C22636F756E74223A223437222C227072696365223A2231372E3336222C226964223A22313038222C22746F74616C223A22227D, 'SANTIAGO REYES', '2017-10-31 18:42:55', '::ffff:172.30.2.63', 'UPDATE');
INSERT INTO `event` VALUES ('332', 'LOGIN', null, 'MIGUEL TUPIZA', '2017-11-01 12:56:40', '::ffff:172.30.2.2', 'LOGIN');
INSERT INTO `event` VALUES ('333', 'LOGIN', null, 'ALEX CATUCUAMBA', '2017-11-01 13:01:49', '::ffff:172.30.2.26', 'LOGIN');
INSERT INTO `event` VALUES ('334', 'VOUCHER', 0x7B226964223A22222C22636C69656E74223A22313037222C2264617465223A22576564204E6F7620303120323031372031333A32313A353120474D542D303530302028486F7261206573742E20506163C3AD6669636F2C20537564616DC3A97269636129222C227265666572656E6365223A225052455354414D4F20222C2275736572223A223433227D, 'ALEX CATUCUAMBA', '2017-11-01 13:04:23', '::ffff:172.30.2.26', 'INSERT');
INSERT INTO `event` VALUES ('335', 'DETAIL', 0x7B227365726965223A2243494E32303137343430303231222C22766F7563686572223A223135222C226F62736572766174696F6E223A22222C2263616E74223A2230222C22636F6465223A22227D, 'ALEX CATUCUAMBA', '2017-11-01 13:05:30', '::ffff:172.30.2.26', 'INSERT');
INSERT INTO `event` VALUES ('336', 'LOGIN', null, 'MIGUEL TUPIZA', '2017-11-01 14:02:07', '::ffff:172.30.2.2', 'LOGIN');
INSERT INTO `event` VALUES ('337', 'LOGIN', null, 'SANTIAGO REYES', '2017-11-01 17:41:00', '::ffff:172.30.2.63', 'LOGIN');
INSERT INTO `event` VALUES ('338', 'LOGIN', null, 'SANTIAGO REYES', '2017-11-06 10:23:49', '::ffff:172.30.2.63', 'LOGIN');
INSERT INTO `event` VALUES ('339', 'PRODUCT', 0x7B22636F6465223A2234313131313131222C226465736372697074696F6E223A22494E544552464143452043454C554C4152204954432034313030222C22766172223A22313034222C226269223A2235222C2262696C6C223A2235222C22636F756E74223A223430222C227072696365223A2236362E3731222C226964223A22313034222C22746F74616C223A22323531352E36227D, 'SANTIAGO REYES', '2017-11-06 10:38:48', '::ffff:172.30.2.63', 'UPDATE');
INSERT INTO `event` VALUES ('340', 'LOGIN', null, 'SANTIAGO REYES', '2017-11-06 14:39:19', '::ffff:172.30.2.63', 'LOGIN');
INSERT INTO `event` VALUES ('341', 'LOGIN', null, 'SANTIAGO REYES', '2017-11-06 14:40:01', '::ffff:172.30.2.63', 'LOGIN');
INSERT INTO `event` VALUES ('342', 'MODEL', 0x7B226964223A22222C22636F6465223A223936322D30303037392D323341222C226465736372697074696F6E223A2254454C45464F4E4F20495020475850313632302050484F4E45204E4F20504F45222C2273746F636B6D696E223A2232222C22756E6974223A2231222C226272616E64223A223832222C2263617465676F7279223A22323435222C22636F756E74223A2230227D, 'SANTIAGO REYES', '2017-11-06 14:45:06', '::ffff:172.30.2.63', 'INSERT');
INSERT INTO `event` VALUES ('343', 'BILL', 0x7B226964223A22222C2270726F7669646572223A22323236222C2274797065223A2231222C2264617465223A224D6F6E204E6F7620303620323031372031353A30343A333120474D542D30353030202853412050616369666963205374616E646172642054696D6529222C227265666572656E6365223A223030332D3030312D303030303033363239222C2275736572223A223436227D, 'SANTIAGO REYES', '2017-11-06 14:46:49', '::ffff:172.30.2.63', 'INSERT');
INSERT INTO `event` VALUES ('344', 'LOGIN', null, 'SANTIAGO REYES', '2017-11-06 14:58:47', '::ffff:172.30.2.63', 'LOGIN');
INSERT INTO `event` VALUES ('345', 'LOGIN', null, 'SANTIAGO REYES', '2017-11-06 15:00:19', '::ffff:172.30.2.63', 'LOGIN');
INSERT INTO `event` VALUES ('346', 'CLIENT', 0x7B226964223A22222C22646E69223A2231373133323838353531222C226E616D65223A22534F4E4941204D4F52414C4553222C2261646472657373223A2243616C6C65204533204E6F2E204E36382D31373720792043616C6C65204E3639222C2270686F6E65223A2232343737393937222C22656D61696C223A227665726F6E6963612E636F7272616C4066696272616E2E636F6D2E6563227D, 'SANTIAGO REYES', '2017-11-06 15:04:30', '::ffff:172.30.2.63', 'INSERT');
INSERT INTO `event` VALUES ('347', 'VOUCHER', 0x7B226964223A22222C22636C69656E74223A22333331222C2264617465223A224D6F6E204E6F7620303620323031372031353A32333A303120474D542D30353030202853412050616369666963205374616E646172642054696D6529222C227265666572656E6365223A22464143545552412031343834222C2275736572223A223436227D, 'SANTIAGO REYES', '2017-11-06 15:05:16', '::ffff:172.30.2.63', 'INSERT');
INSERT INTO `event` VALUES ('348', 'DETAIL', 0x7B227365726965223A223230455A315742483230414439444630222C22766F7563686572223A223136222C226F62736572766174696F6E223A22222C2263616E74223A2230222C22636F6465223A22227D, 'SANTIAGO REYES', '2017-11-06 15:06:18', '::ffff:172.30.2.63', 'INSERT');
INSERT INTO `event` VALUES ('349', 'CLIENT', 0x7B226964223A22323739222C22646E69223A2231373931393839393533303031222C226E616D65223A22414253434F4D505554455220532E412E222C2261646472657373223A2252494F42414D4241204E35362D313032205920414C464F4E534F204D4F5241222C2270686F6E65223A2232323937383630222C22656D61696C223A22227D, 'SANTIAGO REYES', '2017-11-06 15:13:42', '::ffff:172.30.2.63', 'UPDATE');
INSERT INTO `event` VALUES ('350', 'CLIENT', 0x7B226964223A22222C22646E69223A2231333931373634393434303031222C226E616D65223A22484F54454C20434142414E41532042414C414E44524120532E412E222C2261646472657373223A2242617272696F20436F72646F7661204176652E20372043616C6C65203230202D204D616E7461222C2270686F6E65223A22303532363230353435222C22656D61696C223A22636F6D707261734062616C616E647261686F74656C2E636F6D227D, 'SANTIAGO REYES', '2017-11-06 15:15:25', '::ffff:172.30.2.63', 'INSERT');
INSERT INTO `event` VALUES ('351', 'VOUCHER', 0x7B226964223A22222C22636C69656E74223A22333332222C2264617465223A224D6F6E204E6F7620303620323031372031353A33343A303420474D542D30353030202853412050616369666963205374616E646172642054696D6529222C227265666572656E6365223A22464143545552412031343833222C2275736572223A223436227D, 'SANTIAGO REYES', '2017-11-06 15:16:16', '::ffff:172.30.2.63', 'INSERT');
INSERT INTO `event` VALUES ('352', 'DETAIL', 0x7B227365726965223A224C56534632303030303733414C222C22766F7563686572223A223137222C226F62736572766174696F6E223A22222C2263616E74223A2230222C22636F6465223A22227D, 'SANTIAGO REYES', '2017-11-06 15:17:20', '::ffff:172.30.2.63', 'INSERT');
INSERT INTO `event` VALUES ('353', 'LOGIN', null, 'SANTIAGO REYES', '2017-11-06 15:26:54', '::ffff:172.30.2.63', 'LOGIN');
INSERT INTO `event` VALUES ('354', 'PRODUCT', 0x7B22636F6465223A223936322D30303037392D323341222C226465736372697074696F6E223A2254454C45464F4E4F20495020475850313632302050484F4E45204E4F20504F45222C22766172223A22313138222C226269223A223231222C2262696C6C223A223231222C22636F756E74223A223133222C227072696365223A2233362E3932222C226964223A22313138222C22746F74616C223A2230227D, 'SANTIAGO REYES', '2017-11-06 15:27:58', '::ffff:172.30.2.63', 'UPDATE');
INSERT INTO `event` VALUES ('355', 'PRODUCT', 0x7B22636F6465223A223936322D30303037392D323341222C226465736372697074696F6E223A2254454C45464F4E4F20495020475850313632302050484F4E45204E4F20504F45222C22766172223A22313138222C226269223A223231222C2262696C6C223A223231222C22636F756E74223A223133222C227072696365223A2233362E3933222C226964223A22313138222C22746F74616C223A223437392E3936227D, 'SANTIAGO REYES', '2017-11-06 15:29:01', '::ffff:172.30.2.63', 'UPDATE');
INSERT INTO `event` VALUES ('356', 'PRODUCT', 0x7B22636F6465223A223936322D30303037392D323341222C226465736372697074696F6E223A2254454C45464F4E4F20495020475850313632302050484F4E45204E4F20504F45222C22766172223A22313138222C226269223A223231222C2262696C6C223A223231222C22636F756E74223A223133222C227072696365223A2233362E3932222C226964223A22313138222C22746F74616C223A223438302E3039227D, 'SANTIAGO REYES', '2017-11-06 15:29:16', '::ffff:172.30.2.63', 'UPDATE');

-- ----------------------------
-- Table structure for location
-- ----------------------------
DROP TABLE IF EXISTS `location`;
CREATE TABLE `location` (
  `id` int(11) NOT NULL AUTO_INCREMENT,
  `name` varchar(50) NOT NULL,
  `description` varchar(255) DEFAULT NULL,
  PRIMARY KEY (`id`),
  UNIQUE KEY `ukname` (`name`) USING BTREE
) ENGINE=InnoDB AUTO_INCREMENT=11 DEFAULT CHARSET=latin1;

-- ----------------------------
-- Records of location
-- ----------------------------
INSERT INTO `location` VALUES ('2', 'S1', 'PASILLO CINETO');
INSERT INTO `location` VALUES ('3', 'T2', 'PASILLO CINETO');
INSERT INTO `location` VALUES ('4', 'R1', 'PASILLO CINETO');
INSERT INTO `location` VALUES ('6', 'S3', null);
INSERT INTO `location` VALUES ('7', 'Q1', null);
INSERT INTO `location` VALUES ('8', 'T1', null);
INSERT INTO `location` VALUES ('9', 'Q2', null);
INSERT INTO `location` VALUES ('10', 'R2', 'PASILLO CINETO');

-- ----------------------------
-- Table structure for model
-- ----------------------------
DROP TABLE IF EXISTS `model`;
CREATE TABLE `model` (
  `id` int(11) NOT NULL AUTO_INCREMENT,
  `code` varchar(255) NOT NULL,
  `description` varchar(255) NOT NULL,
  `price` decimal(10,2) DEFAULT NULL,
  `stockmin` int(11) DEFAULT NULL,
  `unit` int(11) DEFAULT '1',
  `category` int(11) DEFAULT NULL,
  `brand` int(11) DEFAULT NULL,
  PRIMARY KEY (`id`),
  UNIQUE KEY `ukcode` (`code`) USING BTREE,
  KEY `unit` (`unit`) USING BTREE,
  KEY `brand` (`brand`) USING BTREE,
  KEY `category` (`category`) USING BTREE,
  CONSTRAINT `model_ibfk_1` FOREIGN KEY (`brand`) REFERENCES `brand` (`id`),
  CONSTRAINT `model_ibfk_2` FOREIGN KEY (`category`) REFERENCES `category` (`id`),
  CONSTRAINT `model_ibfk_3` FOREIGN KEY (`unit`) REFERENCES `unit` (`id`)
) ENGINE=InnoDB AUTO_INCREMENT=119 DEFAULT CHARSET=latin1;

-- ----------------------------
-- Records of model
-- ----------------------------
INSERT INTO `model` VALUES ('86', '01121-1', 'TELEFONO HEADSET ANALOGICO KIT S8010 BLACK', null, '1', '1', '244', '81');
INSERT INTO `model` VALUES ('90', '01130-1', 'CONECTOR INTEFACE USB ', null, '1', '1', '238', '81');
INSERT INTO `model` VALUES ('91', '01113-2', 'HEADSET SIMPLE MAS MIC EPKO VOICE GUIDE QD', null, '1', '1', '238', '81');
INSERT INTO `model` VALUES ('92', '01116-2', 'HEADSET DOBLE EPKO NOISE CANCELLING BIAURICULAR QD', null, '1', '1', '238', '81');
INSERT INTO `model` VALUES ('93', '01210-6', 'CONECTOR CABO QD LEVE RJ9 F1', null, '1', '1', '238', '81');
INSERT INTO `model` VALUES ('94', '01213-6', 'CONECTOR CABO QD LEVE RJ9 F4', null, '1', '1', '238', '81');
INSERT INTO `model` VALUES ('95', '01111-1', 'CONECTOR RJ9', null, '1', '1', '238', '81');
INSERT INTO `model` VALUES ('96', '01115', 'HEADSET ANALOGICO - TECLADO S8010', null, '1', '1', '238', '81');
INSERT INTO `model` VALUES ('97', '962-00077-23A', 'TELEFONO  IP  GXP1610 PHONE  NO POE', null, '10', '1', '245', '82');
INSERT INTO `model` VALUES ('98', '966-00028-14A002', 'IP PBX APLIANCE UCM-6202 2FXS/2FXO ', null, '1', '1', '246', '82');
INSERT INTO `model` VALUES ('99', '966-00027-14A', 'IP PBX APLIANCE UCM-6204 2FXS/4FXO', null, '1', '1', '246', '82');
INSERT INTO `model` VALUES ('100', '966-00003-23A004', 'GXW-4104  GATEWAY 4 FXO PORTS 8/MC ', null, '1', '1', '247', '82');
INSERT INTO `model` VALUES ('101', 'C56HP', 'TELEFONO IP C56HP', null, '1', '1', '245', '83');
INSERT INTO `model` VALUES ('103', 'C56P', 'TELEFONO IP C56P', null, '1', '1', '245', '83');
INSERT INTO `model` VALUES ('104', '4111111', 'INTERFACE CELULAR ITC 4100', null, null, '1', '249', '85');
INSERT INTO `model` VALUES ('105', '4013330', 'TELEFONO HEADSET ANALOGICO KIT HSB50 INTELBRAS', null, '1', '1', '244', '85');
INSERT INTO `model` VALUES ('106', 'MRD-308DS', 'HEADSET MRD-308DS - DOS AURICULARES MAS MICROFONO', null, '1', '1', '238', '80');
INSERT INTO `model` VALUES ('107', 'MRD-USB001', 'HEADSET CONNECTING CORD - CONECTOR USB', null, '1', '1', '238', '100');
INSERT INTO `model` VALUES ('108', 'MRD-308S', 'HEADSET MRD-308S - UN AURICULAR MAS MICROFONO', null, '1', '1', '238', '100');
INSERT INTO `model` VALUES ('109', 'MRD-QD002( A )', 'HEADSET CONNECTING CORD - CONECTOR RJ9', null, '1', '1', '238', '100');
INSERT INTO `model` VALUES ('110', '4750031', 'ROTEADOR WIRELESS HOTSPOT 300', null, null, '1', '256', '85');
INSERT INTO `model` VALUES ('111', 'C58P', 'TELEFONO IP C58P', null, '1', '1', '245', '83');
INSERT INTO `model` VALUES ('116', 'D900', 'TELEFONO IP DE VIDEO', null, '5', '1', '245', '83');
INSERT INTO `model` VALUES ('117', 'A2', 'ATA 2 FXS', null, '10', '1', '247', '83');
INSERT INTO `model` VALUES ('118', '962-00079-23A', 'TELEFONO IP GXP1620 PHONE NO POE', null, '2', '1', '245', '82');

-- ----------------------------
-- Table structure for price
-- ----------------------------
DROP TABLE IF EXISTS `price`;
CREATE TABLE `price` (
  `id` int(11) NOT NULL AUTO_INCREMENT,
  `variant` int(11) NOT NULL,
  `price` decimal(10,2) NOT NULL,
  `size` int(11) NOT NULL,
  `description` varchar(255) DEFAULT NULL,
  PRIMARY KEY (`id`),
  KEY `variantprice` (`variant`) USING BTREE,
  CONSTRAINT `price_ibfk_1` FOREIGN KEY (`variant`) REFERENCES `model` (`id`)
) ENGINE=InnoDB DEFAULT CHARSET=latin1;

-- ----------------------------
-- Records of price
-- ----------------------------

-- ----------------------------
-- Table structure for product
-- ----------------------------
DROP TABLE IF EXISTS `product`;
CREATE TABLE `product` (
  `id` int(11) NOT NULL AUTO_INCREMENT,
  `barcode` varchar(255) NOT NULL DEFAULT 'S/N',
  `variant` int(11) NOT NULL,
  `location` int(11) DEFAULT NULL,
  `bill` int(11) DEFAULT NULL,
  `price` decimal(10,2) DEFAULT '0.00',
  `state` int(11) DEFAULT '0',
  `observation` text,
  PRIMARY KEY (`id`),
  KEY `location` (`location`) USING BTREE,
  KEY `variant` (`variant`) USING BTREE,
  KEY `bill` (`bill`) USING BTREE,
  KEY `state` (`state`),
  CONSTRAINT `product_ibfk_1` FOREIGN KEY (`bill`) REFERENCES `bill` (`id`) ON UPDATE CASCADE,
  CONSTRAINT `product_ibfk_2` FOREIGN KEY (`location`) REFERENCES `location` (`id`),
  CONSTRAINT `product_ibfk_3` FOREIGN KEY (`variant`) REFERENCES `model` (`id`),
  CONSTRAINT `state` FOREIGN KEY (`state`) REFERENCES `state` (`id`)
) ENGINE=InnoDB AUTO_INCREMENT=777 DEFAULT CHARSET=latin1;

-- ----------------------------
-- Records of product
-- ----------------------------
INSERT INTO `product` VALUES ('62', 'S/N', '86', '3', '1', '0.00', '0', 'INCLUYE: S8010 COD 01115 N/S: 24241406 ; HEADSET STLLE COMPACT BLACK PN.01111-1 N/S 23325538');
INSERT INTO `product` VALUES ('63', '6432039259', '90', '3', '1', '0.00', '0', '');
INSERT INTO `product` VALUES ('64', '64030536', '91', '3', '1', '0.00', '0', '');
INSERT INTO `product` VALUES ('65', '97000051', '92', '3', '1', '0.00', '0', '');
INSERT INTO `product` VALUES ('66', '90011963', '93', '3', '1', '0.00', '0', '');
INSERT INTO `product` VALUES ('67', '92009679', '94', '3', '1', '0.00', '0', '');
INSERT INTO `product` VALUES ('68', '23325538', '95', '3', '1', '0.00', '0', 'INCLUIDO EN COMBO S8010 BLACK P/N 1121-1 S/S');
INSERT INTO `product` VALUES ('69', '24241406', '96', '3', '1', '0.00', '0', 'INCLUIDO EN COMBO S8010 BLACK P/N 1121-1 S/S');
INSERT INTO `product` VALUES ('70', '20EZ1QFH30AF42E2', '97', '4', '2', '28.73', '0', '');
INSERT INTO `product` VALUES ('71', '20EZ1QFH30AF42E3', '97', '4', '2', '28.73', '0', '');
INSERT INTO `product` VALUES ('72', '20EZ1QFH30AF42E4', '97', '4', '2', '28.73', '0', '');
INSERT INTO `product` VALUES ('73', '20EZ1QFH30AF42E5', '97', '4', '2', '28.73', '0', '');
INSERT INTO `product` VALUES ('74', '20EZ1QFH30AF42E6', '97', '4', '2', '28.73', '0', '');
INSERT INTO `product` VALUES ('75', '20EZ1QFH30AF42E7', '97', '4', '2', '28.73', '0', '');
INSERT INTO `product` VALUES ('76', '20EZ1QFH30AF42E8', '97', '4', '2', '28.73', '0', '');
INSERT INTO `product` VALUES ('77', '20EZ1QFH30AF42E9', '97', '4', '2', '28.73', '0', '');
INSERT INTO `product` VALUES ('78', '20EZ1QFH30AF42EA', '97', '4', '2', '28.73', '0', '');
INSERT INTO `product` VALUES ('79', '20EZ1QFH30AF42EB', '97', '4', '2', '28.73', '0', '');
INSERT INTO `product` VALUES ('80', '20EZ1QFH30AF42EC', '97', '4', '2', '28.73', '0', '');
INSERT INTO `product` VALUES ('81', '20EZ1QFH30AF42ED', '97', '4', '2', '28.73', '0', '');
INSERT INTO `product` VALUES ('82', '20EZ1QFH30AF42EE', '97', '4', '2', '28.73', '0', '');
INSERT INTO `product` VALUES ('83', '20EZ1QFH30AF42EF', '97', '4', '2', '28.73', '0', '');
INSERT INTO `product` VALUES ('84', '20EZ1QFH30AF42F0', '97', '4', '2', '28.73', '0', '');
INSERT INTO `product` VALUES ('85', '20EZ1QFH30AF42F1', '97', '4', '2', '28.73', '0', '');
INSERT INTO `product` VALUES ('86', '20EZ1QFH30AF4542', '97', '4', '2', '28.73', '0', '');
INSERT INTO `product` VALUES ('87', '20EZ1QFH30AF4543', '97', '4', '2', '28.73', '0', '');
INSERT INTO `product` VALUES ('88', '20EZ1QFH30AF4544', '97', '4', '2', '28.73', '0', '');
INSERT INTO `product` VALUES ('89', '20EZ1QFH30AF4545', '97', '4', '2', '28.73', '0', '');
INSERT INTO `product` VALUES ('90', '20EZ1QFH30AF4546', '97', '4', '2', '28.73', '0', '');
INSERT INTO `product` VALUES ('91', '20EZ1QFH30AF4547', '97', '4', '2', '28.73', '0', '');
INSERT INTO `product` VALUES ('92', '20EZ1QFH30AF4548', '97', '4', '2', '28.73', '0', '');
INSERT INTO `product` VALUES ('93', '20EZ1QFH30AF4549', '97', '4', '2', '28.73', '0', '');
INSERT INTO `product` VALUES ('94', '20EZ1QFH30AF454A', '97', '4', '2', '28.73', '0', '');
INSERT INTO `product` VALUES ('95', '20EZ1QFH30AF454B', '97', '4', '2', '28.73', '0', '');
INSERT INTO `product` VALUES ('96', '20EZ1QFH30AF454C', '97', '4', '2', '28.73', '0', '');
INSERT INTO `product` VALUES ('97', '20EZ1QFH30AF454D', '97', '4', '2', '28.73', '0', '');
INSERT INTO `product` VALUES ('98', '20EZ1QFH30AF454E', '97', '4', '2', '28.73', '0', '');
INSERT INTO `product` VALUES ('99', '20EZ1QFH30AF454F', '97', '4', '2', '28.73', '0', '');
INSERT INTO `product` VALUES ('100', '20EZ1QFH30AF4550', '97', '4', '2', '28.73', '0', '');
INSERT INTO `product` VALUES ('101', '20EZ1QFH30AF4551', '97', '4', '2', '28.73', '0', '');
INSERT INTO `product` VALUES ('102', '20EZ1QFH30AF45A2', '97', '4', '2', '28.73', '0', '');
INSERT INTO `product` VALUES ('103', '20EZ1QFH30AF45A3', '97', '4', '2', '28.73', '0', '');
INSERT INTO `product` VALUES ('104', '20EZ1QFH30AF45A4', '97', '4', '2', '28.73', '0', '');
INSERT INTO `product` VALUES ('105', '20EZ1QFH30AF45A5', '97', '4', '2', '28.73', '0', '');
INSERT INTO `product` VALUES ('106', '20EZ1QFH30AF45A6', '97', '4', '2', '28.73', '0', '');
INSERT INTO `product` VALUES ('107', '20EZ1QFH30AF45A7', '97', '4', '2', '28.73', '0', '');
INSERT INTO `product` VALUES ('108', '20EZ1QFH30AF45A8', '97', '4', '2', '28.73', '0', '');
INSERT INTO `product` VALUES ('109', '20EZ1QFH30AF45A9', '97', '4', '2', '28.73', '0', '');
INSERT INTO `product` VALUES ('110', '20EZ1QFH30AF45AA', '97', '4', '2', '28.73', '0', '');
INSERT INTO `product` VALUES ('111', '20EZ1QFH30AF45AB', '97', '4', '2', '28.73', '0', '');
INSERT INTO `product` VALUES ('112', '20EZ1QFH30AF45AC', '97', '4', '2', '28.73', '0', '');
INSERT INTO `product` VALUES ('113', '20EZ1QFH30AF45AD', '97', '4', '2', '28.73', '0', '');
INSERT INTO `product` VALUES ('114', '20EZ1QFH30AF45AE', '97', '4', '2', '28.73', '0', '');
INSERT INTO `product` VALUES ('115', '20EZ1QFH30AF45AF', '97', '4', '2', '28.73', '0', '');
INSERT INTO `product` VALUES ('116', '20EZ1QFH30AF45B0', '97', '4', '2', '28.73', '0', '');
INSERT INTO `product` VALUES ('117', '20EZ1QFH30AF45B1', '97', '4', '2', '28.73', '0', '');
INSERT INTO `product` VALUES ('118', '20EZ1QFH30AF45C2', '97', '4', '2', '28.73', '0', '');
INSERT INTO `product` VALUES ('119', '20EZ1QFH30AF45C3', '97', '4', '2', '28.73', '0', '');
INSERT INTO `product` VALUES ('120', '20EZ1QFH30AF45C4', '97', '4', '2', '28.73', '0', '');
INSERT INTO `product` VALUES ('121', '20EZ1QFH30AF45C5', '97', '4', '2', '28.73', '0', '');
INSERT INTO `product` VALUES ('122', '20EZ1QFH30AF45C6', '97', '4', '2', '28.73', '0', '');
INSERT INTO `product` VALUES ('123', '20EZ1QFH30AF45C7', '97', '4', '2', '28.73', '0', '');
INSERT INTO `product` VALUES ('124', '20EZ1QFH30AF45C8', '97', '4', '2', '28.73', '0', '');
INSERT INTO `product` VALUES ('125', '20EZ1QFH30AF45C9', '97', '4', '2', '28.73', '0', '');
INSERT INTO `product` VALUES ('126', '20EZ1QFH30AF45CA', '97', '4', '2', '28.73', '0', '');
INSERT INTO `product` VALUES ('127', '20EZ1QFH30AF45CB', '97', '4', '2', '28.73', '0', '');
INSERT INTO `product` VALUES ('128', '20EZ1QFH30AF45CC', '97', '4', '2', '28.73', '0', '');
INSERT INTO `product` VALUES ('129', '20EZ1QFH30AF45CD', '97', '4', '2', '28.73', '0', '');
INSERT INTO `product` VALUES ('130', '20EZ1QFH30AF45CE', '97', '4', '2', '28.73', '0', '');
INSERT INTO `product` VALUES ('131', '20EZ1QFH30AF45CF', '97', '4', '2', '28.73', '0', '');
INSERT INTO `product` VALUES ('132', '20EZ1QFH30AF45D0', '97', '4', '2', '28.73', '0', '');
INSERT INTO `product` VALUES ('133', '20EZ1QFH30AF45D1', '97', '4', '2', '28.73', '0', '');
INSERT INTO `product` VALUES ('134', '20EZ1QFH30AF45F2', '97', '4', '2', '28.73', '0', '');
INSERT INTO `product` VALUES ('135', '20EZ1QFH30AF45F3', '97', '4', '2', '28.73', '0', '');
INSERT INTO `product` VALUES ('136', '20EZ1QFH30AF45F4', '97', '4', '2', '28.73', '0', '');
INSERT INTO `product` VALUES ('137', '20EZ1QFH30AF45F5', '97', '4', '2', '28.73', '0', '');
INSERT INTO `product` VALUES ('138', '20EZ1QFH30AF45F6', '97', '4', '2', '28.73', '0', '');
INSERT INTO `product` VALUES ('139', '20EZ1QFH30AF45F7', '97', '4', '2', '28.73', '0', '');
INSERT INTO `product` VALUES ('140', '20EZ1QFH30AF45F8', '97', '4', '2', '28.73', '0', '');
INSERT INTO `product` VALUES ('141', '20EZ1QFH30AF45F9', '97', '4', '2', '28.73', '0', '');
INSERT INTO `product` VALUES ('142', '20EZ1QFH30AF45FA', '97', '4', '2', '28.73', '0', '');
INSERT INTO `product` VALUES ('143', '20EZ1QFH30AF45FB', '97', '4', '2', '28.73', '0', '');
INSERT INTO `product` VALUES ('144', '20EZ1QFH30AF45FC', '97', '4', '2', '28.73', '0', '');
INSERT INTO `product` VALUES ('145', '20EZ1QFH30AF45FD', '97', '4', '2', '28.73', '0', '');
INSERT INTO `product` VALUES ('146', '20EZ1QFH30AF45FE', '97', '4', '2', '28.73', '0', '');
INSERT INTO `product` VALUES ('147', '20EZ1QFH30AF45FF', '97', '4', '2', '28.73', '0', '');
INSERT INTO `product` VALUES ('148', '20EZ1QFH30AF4600', '97', '4', '2', '28.73', '0', '');
INSERT INTO `product` VALUES ('149', '20EZ1QFH30AF4601', '97', '4', '2', '28.73', '0', '');
INSERT INTO `product` VALUES ('150', '20EZ1QFH30AF4688', '97', '4', '2', '28.73', '0', '');
INSERT INTO `product` VALUES ('151', '20EZ1QFH30AF46C2', '97', '4', '2', '28.73', '0', '');
INSERT INTO `product` VALUES ('152', '20EZ1QFH30AF46C3', '97', '4', '2', '28.73', '0', '');
INSERT INTO `product` VALUES ('153', '20EZ1QFH30AF46C4', '97', '4', '2', '28.73', '0', '');
INSERT INTO `product` VALUES ('154', '20EZ1QFH30AF46C5', '97', '4', '2', '28.73', '0', '');
INSERT INTO `product` VALUES ('155', '20EZ1QFH30AF46C6', '97', '4', '2', '28.73', '0', '');
INSERT INTO `product` VALUES ('156', '20EZ1QFH30AF46C7', '97', '4', '2', '28.73', '0', '');
INSERT INTO `product` VALUES ('157', '20EZ1QFH30AF46C8', '97', '4', '2', '28.73', '0', '');
INSERT INTO `product` VALUES ('158', '20EZ1QFH30AF46C9', '97', '4', '2', '28.73', '0', '');
INSERT INTO `product` VALUES ('159', '20EZ1QFH30AF46CA', '97', '4', '2', '28.73', '0', '');
INSERT INTO `product` VALUES ('160', '20EZ1QFH30AF46CB', '97', '4', '2', '28.73', '0', '');
INSERT INTO `product` VALUES ('161', '20EZ1QFH30AF46CC', '97', '4', '2', '28.73', '0', '');
INSERT INTO `product` VALUES ('162', '20EZ1QFH30AF46CD', '97', '4', '2', '28.73', '0', '');
INSERT INTO `product` VALUES ('163', '20EZ1QFH30AF46CE', '97', '4', '2', '28.73', '0', '');
INSERT INTO `product` VALUES ('164', '20EZ1QFH30AF46CF', '97', '4', '2', '28.73', '0', '');
INSERT INTO `product` VALUES ('165', '20EZ1QFH30AF46D0', '97', '4', '2', '28.73', '0', '');
INSERT INTO `product` VALUES ('166', '20EZ1QFH30AF46D1', '97', '4', '2', '28.73', '0', '');
INSERT INTO `product` VALUES ('167', '20EZ1QFH30AF4D83', '97', '4', '2', '28.73', '0', '');
INSERT INTO `product` VALUES ('168', '20EZ1QFH30AF4D85', '97', '4', '2', '28.73', '0', '');
INSERT INTO `product` VALUES ('169', '20EZ1QFH30AF4D87', '97', '4', '2', '28.73', '0', '');
INSERT INTO `product` VALUES ('170', '20EZ1QFH30AF4D8A', '97', '4', '2', '28.73', '0', '');
INSERT INTO `product` VALUES ('171', '20EZ1QFH30AF4D8C', '97', '4', '2', '28.73', '0', '');
INSERT INTO `product` VALUES ('172', '20EZ1QFH30AF4D8F', '97', '4', '2', '28.73', '0', '');
INSERT INTO `product` VALUES ('173', '20EZ1QFH30AF4D90', '97', '4', '2', '28.73', '0', '');
INSERT INTO `product` VALUES ('174', '20EZ1QFH30AF5122', '97', '4', '2', '28.73', '0', '');
INSERT INTO `product` VALUES ('175', '20EZ1QFH30AF5123', '97', '4', '2', '28.73', '0', '');
INSERT INTO `product` VALUES ('176', '20EZ1QFH30AF5124', '97', '4', '2', '28.73', '0', '');
INSERT INTO `product` VALUES ('177', '20EZ1QFH30AF5125', '97', '4', '2', '28.73', '0', '');
INSERT INTO `product` VALUES ('178', '20EZ1QFH30AF5126', '97', '4', '2', '28.73', '0', '');
INSERT INTO `product` VALUES ('179', '20EZ1QFH30AF5127', '97', '4', '2', '28.73', '0', '');
INSERT INTO `product` VALUES ('180', '20EZ1QFH30AF5128', '97', '4', '2', '28.73', '0', '');
INSERT INTO `product` VALUES ('181', '20EZ1QFH30AF5129', '97', '4', '2', '28.73', '0', '');
INSERT INTO `product` VALUES ('182', '20EZ1QFH30AF512A', '97', '4', '2', '28.73', '0', '');
INSERT INTO `product` VALUES ('183', '20EZ1QFH30AF512B', '97', '4', '2', '28.73', '0', '');
INSERT INTO `product` VALUES ('184', '20EZ1QFH30AF512C', '97', '4', '2', '28.73', '0', '');
INSERT INTO `product` VALUES ('185', '20EZ1QFH30AF512D', '97', '4', '2', '28.73', '0', '');
INSERT INTO `product` VALUES ('186', '20EZ1QFH30AF512E', '97', '4', '2', '28.73', '0', '');
INSERT INTO `product` VALUES ('187', '20EZ1QFH30AF512F', '97', '4', '2', '28.73', '0', '');
INSERT INTO `product` VALUES ('188', '20EZ1QFH30AF5130', '97', '4', '2', '28.73', '0', '');
INSERT INTO `product` VALUES ('189', '20EZ1QFH30AF5131', '97', '4', '2', '28.73', '0', '');
INSERT INTO `product` VALUES ('190', '20EZ1QFH30AF5132', '97', '4', '2', '28.73', '0', '');
INSERT INTO `product` VALUES ('191', '20EZ1QFH30AF5133', '97', '4', '2', '28.73', '0', '');
INSERT INTO `product` VALUES ('192', '20EZ1QFH30AF5134', '97', '4', '2', '28.73', '0', '');
INSERT INTO `product` VALUES ('193', '20EZ1QFH30AF5135', '97', '4', '2', '28.73', '0', '');
INSERT INTO `product` VALUES ('194', '20EZ1QFH30AF5136', '97', '4', '2', '28.73', '0', '');
INSERT INTO `product` VALUES ('195', '20EZ1QFH30AF5137', '97', '4', '2', '28.73', '0', '');
INSERT INTO `product` VALUES ('196', '20EZ1QFH30AF5138', '97', '4', '2', '28.73', '0', '');
INSERT INTO `product` VALUES ('197', '20EZ1QFH30AF5139', '97', '4', '2', '28.73', '0', '');
INSERT INTO `product` VALUES ('198', '20EZ1QFH30AF513A', '97', '4', '2', '28.73', '0', '');
INSERT INTO `product` VALUES ('199', '20EZ1QFH30AF513B', '97', '4', '2', '28.73', '0', '');
INSERT INTO `product` VALUES ('200', '20EZ1QFH30AF513C', '97', '4', '2', '28.73', '0', '');
INSERT INTO `product` VALUES ('201', '20EZ1QFH30AF513D', '97', '4', '2', '28.73', '0', '');
INSERT INTO `product` VALUES ('202', '20EZ1QFH30AF513E', '97', '4', '2', '28.73', '0', '');
INSERT INTO `product` VALUES ('203', '20EZ1QFH30AF513F', '97', '4', '2', '28.73', '0', '');
INSERT INTO `product` VALUES ('204', '20EZ1QFH30AF5140', '97', '4', '2', '28.73', '0', '');
INSERT INTO `product` VALUES ('205', '20EZ1QFH30AF5141', '97', '4', '2', '28.73', '0', '');
INSERT INTO `product` VALUES ('206', '20EZ1QFH30AF51A2', '97', null, '2', '28.73', '1', '');
INSERT INTO `product` VALUES ('207', '20EZ1QFH30AF51A3', '97', null, '2', '28.73', '1', '');
INSERT INTO `product` VALUES ('208', '20EZ1QFH30AF51A4', '97', null, '2', '28.73', '1', '');
INSERT INTO `product` VALUES ('209', '20EZ1QFH30AF51A5', '97', null, '2', '28.73', '1', '');
INSERT INTO `product` VALUES ('210', '20EZ1QFH30AF51A6', '97', null, '2', '28.73', '1', '');
INSERT INTO `product` VALUES ('211', '20EZ1QFH30AF51A7', '97', null, '2', '28.73', '1', '');
INSERT INTO `product` VALUES ('212', '20EZ1QFH30AF51A8', '97', null, '2', '28.73', '1', '');
INSERT INTO `product` VALUES ('213', '20EZ1QFH30AF51A9', '97', null, '2', '28.73', '1', '');
INSERT INTO `product` VALUES ('214', '20EZ1QFH30AF51AA', '97', null, '2', '28.73', '1', '');
INSERT INTO `product` VALUES ('215', '20EZ1QFH30AF51AB', '97', null, '2', '28.73', '1', '');
INSERT INTO `product` VALUES ('216', '20EZ1QFH30AF51AC', '97', null, '2', '28.73', '1', '');
INSERT INTO `product` VALUES ('217', '20EZ1QFH30AF51AD', '97', null, '2', '28.73', '1', '');
INSERT INTO `product` VALUES ('218', '20EZ1QFH30AF51AE', '97', null, '2', '28.73', '1', '');
INSERT INTO `product` VALUES ('219', '20EZ1QFH30AF51AF', '97', null, '2', '28.73', '1', '');
INSERT INTO `product` VALUES ('220', '20EZ1QFH30AF51B0', '97', null, '2', '28.73', '1', '');
INSERT INTO `product` VALUES ('221', '20EZ1QFH30AF51B1', '97', null, '2', '28.73', '1', '');
INSERT INTO `product` VALUES ('222', '20EZ1QFH30AF5202', '97', '4', '2', '28.73', '0', '');
INSERT INTO `product` VALUES ('223', '20EZ1QFH30AF5203', '97', '4', '2', '28.73', '0', '');
INSERT INTO `product` VALUES ('224', '20EZ1QFH30AF5204', '97', '4', '2', '28.73', '0', '');
INSERT INTO `product` VALUES ('225', '20EZ1QFH30AF5205', '97', '4', '2', '28.73', '0', '');
INSERT INTO `product` VALUES ('226', '20EZ1QFH30AF5206', '97', '4', '2', '28.73', '0', '');
INSERT INTO `product` VALUES ('227', '20EZ1QFH30AF5207', '97', '4', '2', '28.73', '0', '');
INSERT INTO `product` VALUES ('228', '20EZ1QFH30AF5208', '97', '4', '2', '28.73', '0', '');
INSERT INTO `product` VALUES ('229', '20EZ1QFH30AF5209', '97', '4', '2', '28.73', '0', '');
INSERT INTO `product` VALUES ('230', '20EZ1QFH30AF520A', '97', '4', '2', '28.73', '0', '');
INSERT INTO `product` VALUES ('231', '20EZ1QFH30AF520B', '97', '4', '2', '28.73', '0', '');
INSERT INTO `product` VALUES ('232', '20EZ1QFH30AF520C', '97', '4', '2', '28.73', '0', '');
INSERT INTO `product` VALUES ('233', '20EZ1QFH30AF520D', '97', '4', '2', '28.73', '0', '');
INSERT INTO `product` VALUES ('234', '20EZ1QFH30AF520E', '97', '4', '2', '28.73', '0', '');
INSERT INTO `product` VALUES ('235', '20EZ1QFH30AF520F', '97', '4', '2', '28.73', '0', '');
INSERT INTO `product` VALUES ('236', '20EZ1QFH30AF5210', '97', '4', '2', '28.73', '0', '');
INSERT INTO `product` VALUES ('237', '20EZ1QFH30AF5211', '97', '4', '2', '28.73', '0', '');
INSERT INTO `product` VALUES ('238', '20EZ1QFH30AF5252', '97', '4', '2', '28.73', '0', '');
INSERT INTO `product` VALUES ('239', '20EZ1QFH30AF5253', '97', '4', '2', '28.73', '0', '');
INSERT INTO `product` VALUES ('240', '20EZ1QFH30AF5254', '97', '4', '2', '28.73', '0', '');
INSERT INTO `product` VALUES ('241', '20EZ1QFH30AF5255', '97', '4', '2', '28.73', '0', '');
INSERT INTO `product` VALUES ('242', '20EZ1QFH30AF5256', '97', '4', '2', '28.73', '0', '');
INSERT INTO `product` VALUES ('243', '20EZ1QFH30AF5257', '97', '4', '2', '28.73', '0', '');
INSERT INTO `product` VALUES ('244', '20EZ1QFH30AF5258', '97', '4', '2', '28.73', '0', '');
INSERT INTO `product` VALUES ('245', '20EZ1QFH30AF5259', '97', '4', '2', '28.73', '0', '');
INSERT INTO `product` VALUES ('246', '20EZ1QFH30AF525A', '97', '4', '2', '28.73', '0', '');
INSERT INTO `product` VALUES ('247', '20EZ1QFH30AF525B', '97', '4', '2', '28.73', '0', '');
INSERT INTO `product` VALUES ('248', '20EZ1QFH30AF525C', '97', '4', '2', '28.73', '0', '');
INSERT INTO `product` VALUES ('249', '20EZ1QFH30AF525D', '97', '4', '2', '28.73', '0', '');
INSERT INTO `product` VALUES ('250', '20EZ1QFH30AF525E', '97', '4', '2', '28.73', '0', '');
INSERT INTO `product` VALUES ('251', '20EZ1QFH30AF525F', '97', '4', '2', '28.73', '0', '');
INSERT INTO `product` VALUES ('252', '20EZ1QFH30AF5260', '97', '4', '2', '28.73', '0', '');
INSERT INTO `product` VALUES ('253', '20EZ1QFH30AF5261', '97', '4', '2', '28.73', '0', '');
INSERT INTO `product` VALUES ('254', '20EZ1QFH30AFA8EA', '97', '4', '2', '28.73', '0', '');
INSERT INTO `product` VALUES ('255', '20EZ1QFH30AFA8EB', '97', '4', '2', '28.73', '0', '');
INSERT INTO `product` VALUES ('256', '20EZ1QFH30AFA8EC', '97', '4', '2', '28.73', '0', '');
INSERT INTO `product` VALUES ('257', '20EZ1QFH30AFA8ED', '97', '4', '2', '28.73', '0', '');
INSERT INTO `product` VALUES ('258', '20EZ1QFH30AFA8EE', '97', '4', '2', '28.73', '0', '');
INSERT INTO `product` VALUES ('259', '20EZ1QFH30AFA8EF', '97', '4', '2', '28.73', '0', '');
INSERT INTO `product` VALUES ('260', '20EZ1QFH30AFA8F0', '97', '4', '2', '28.73', '0', '');
INSERT INTO `product` VALUES ('261', '20EZ1QFH30AFA8F1', '97', '4', '2', '28.73', '0', '');
INSERT INTO `product` VALUES ('262', '20EZ1QFH30AFA8F2', '97', '4', '2', '28.73', '0', '');
INSERT INTO `product` VALUES ('263', '20EZ1QFH30AFA8F3', '97', '4', '2', '28.73', '0', '');
INSERT INTO `product` VALUES ('264', '20EZ1QFH30AFA8F4', '97', '4', '2', '28.73', '0', '');
INSERT INTO `product` VALUES ('265', '20EZ1QFH30AFA8F5', '97', '4', '2', '28.73', '0', '');
INSERT INTO `product` VALUES ('266', '20EZ1QFH30AFA8F6', '97', '4', '2', '28.73', '0', '');
INSERT INTO `product` VALUES ('267', '20EZ1QFH30AFA8F7', '97', '4', '2', '28.73', '0', '');
INSERT INTO `product` VALUES ('268', '20EZ1QFH30AFA8F8', '97', '4', '2', '28.73', '0', '');
INSERT INTO `product` VALUES ('269', '20EZ1QFH30AFA8F9', '97', '4', '2', '28.73', '0', '');
INSERT INTO `product` VALUES ('270', '21AWMJNH50B6E070', '98', '4', '2', '229.45', '0', '');
INSERT INTO `product` VALUES ('271', '21AWMJNH50B6E071', '98', '4', '2', '229.45', '0', '');
INSERT INTO `product` VALUES ('272', '21AWMJNH50B6E072', '98', '4', '2', '229.45', '0', '');
INSERT INTO `product` VALUES ('273', '21AWMJNH50B6E073', '98', '4', '2', '229.45', '0', '');
INSERT INTO `product` VALUES ('274', '21AWMJNH50B6E074', '98', '4', '2', '229.45', '0', '');
INSERT INTO `product` VALUES ('275', '21AWMJNH50B6E075', '98', '4', '2', '229.45', '0', '');
INSERT INTO `product` VALUES ('276', '21AWMJNH50B6E076', '98', '4', '2', '229.45', '0', '');
INSERT INTO `product` VALUES ('277', '21AWMJNH50B6E077', '98', '4', '2', '229.45', '0', '');
INSERT INTO `product` VALUES ('278', '21AWMFQH20AD2FCA', '99', '4', '2', '300.85', '0', '');
INSERT INTO `product` VALUES ('279', '21AWMFQH20AD2FCB', '99', '4', '2', '300.85', '0', '');
INSERT INTO `product` VALUES ('280', '21AWKDDH40B438B5', '100', '4', '2', '178.02', '0', '');
INSERT INTO `product` VALUES ('281', '21AWKDDH40B438BA', '100', '4', '2', '178.02', '0', '');
INSERT INTO `product` VALUES ('282', '21AWKDDH40B43955', '100', '4', '2', '178.02', '0', '');
INSERT INTO `product` VALUES ('283', '21AWKDDH40B43956', '100', '4', '2', '178.02', '0', '');
INSERT INTO `product` VALUES ('284', 'FO1129000004', '101', '4', '3', '42.27', '0', '');
INSERT INTO `product` VALUES ('285', 'FO1129000081', '101', '4', '3', '42.27', '0', '');
INSERT INTO `product` VALUES ('286', 'FO1129000085', '101', '4', '3', '42.27', '0', '');
INSERT INTO `product` VALUES ('287', 'FO1129000084', '101', '4', '3', '42.27', '0', '');
INSERT INTO `product` VALUES ('288', 'FO1129000083', '101', '4', '3', '42.27', '0', '');
INSERT INTO `product` VALUES ('289', 'FO1129000082', '101', '4', '3', '42.27', '0', '');
INSERT INTO `product` VALUES ('290', 'FO1129000076', '101', '4', '3', '42.27', '0', '');
INSERT INTO `product` VALUES ('291', 'FO1129000034', '101', '4', '3', '42.27', '0', '');
INSERT INTO `product` VALUES ('292', 'FO1129000086', '101', '4', '3', '42.27', '0', '');
INSERT INTO `product` VALUES ('293', 'FO1129000006', '101', '4', '3', '42.27', '0', '');
INSERT INTO `product` VALUES ('294', 'FO1129000090', '101', '4', '3', '42.27', '0', '');
INSERT INTO `product` VALUES ('295', 'FO1129000079', '101', '4', '3', '42.27', '0', '');
INSERT INTO `product` VALUES ('296', 'FO1129000100', '101', '4', '3', '42.27', '0', '');
INSERT INTO `product` VALUES ('297', 'FO1129000027', '101', '4', '3', '42.27', '0', '');
INSERT INTO `product` VALUES ('298', 'FO1129000028', '101', '4', '3', '42.27', '0', '');
INSERT INTO `product` VALUES ('299', 'FO1129000009', '101', '4', '3', '42.27', '0', '');
INSERT INTO `product` VALUES ('300', 'FO1129000035', '101', '4', '3', '42.27', '0', '');
INSERT INTO `product` VALUES ('301', 'FO1129000008', '101', '4', '3', '42.27', '0', '');
INSERT INTO `product` VALUES ('302', 'FO1129000033', '101', '4', '3', '42.27', '0', '');
INSERT INTO `product` VALUES ('303', 'FO1129000032', '101', '4', '3', '42.27', '0', '');
INSERT INTO `product` VALUES ('304', 'FO1129000031', '101', '4', '3', '42.27', '0', '');
INSERT INTO `product` VALUES ('305', 'FO1129000036', '101', '4', '3', '42.27', '0', '');
INSERT INTO `product` VALUES ('306', 'FO1129000037', '101', '4', '3', '42.27', '0', '');
INSERT INTO `product` VALUES ('307', 'FO1129000038', '101', '4', '3', '42.27', '0', '');
INSERT INTO `product` VALUES ('308', 'FO1129000039', '101', '4', '3', '42.27', '0', '');
INSERT INTO `product` VALUES ('309', 'FO1129000040', '101', '4', '3', '42.27', '0', '');
INSERT INTO `product` VALUES ('310', 'FO1129000091', '101', '4', '3', '42.27', '0', '');
INSERT INTO `product` VALUES ('311', 'FO1129000087', '101', '4', '3', '42.27', '0', '');
INSERT INTO `product` VALUES ('312', 'FO1129000001', '101', '4', '3', '42.27', '0', '');
INSERT INTO `product` VALUES ('313', 'FO1129000088', '101', '4', '3', '42.27', '0', '');
INSERT INTO `product` VALUES ('314', 'FO1129000002', '101', '4', '3', '42.27', '0', '');
INSERT INTO `product` VALUES ('315', 'FO1129000003', '101', '4', '3', '42.27', '0', '');
INSERT INTO `product` VALUES ('316', 'FO1129000089', '101', '4', '3', '42.27', '0', '');
INSERT INTO `product` VALUES ('317', 'FO1129000005', '101', '4', '3', '42.27', '0', '');
INSERT INTO `product` VALUES ('318', 'FO1129000010', '101', '4', '3', '42.27', '0', '');
INSERT INTO `product` VALUES ('319', 'FO1129000007', '101', '4', '3', '42.27', '0', '');
INSERT INTO `product` VALUES ('325', 'F81131001096', '103', '4', '4', '42.27', '0', '');
INSERT INTO `product` VALUES ('326', 'F81131001240', '103', '4', '4', '42.27', '0', '');
INSERT INTO `product` VALUES ('327', 'F81131001062', '103', null, '4', '42.27', '1', '');
INSERT INTO `product` VALUES ('328', 'F81131001151', '103', '4', '4', '42.27', '0', '');
INSERT INTO `product` VALUES ('329', 'F81131001336', '103', '4', '4', '42.27', '0', '');
INSERT INTO `product` VALUES ('366', 'LVSF2000038KF', '104', '6', '5', '66.71', '0', '');
INSERT INTO `product` VALUES ('367', 'LVSF2000055VR', '104', '6', '5', '66.71', '0', '');
INSERT INTO `product` VALUES ('368', 'LVSF2000042QC', '104', '6', '5', '66.71', '0', '');
INSERT INTO `product` VALUES ('369', 'LVSF20000200A', '104', null, '5', '66.71', '1', '');
INSERT INTO `product` VALUES ('370', 'LVSF20000229U', '104', null, '5', '66.71', '1', '');
INSERT INTO `product` VALUES ('371', 'LVSF20000778M', '104', '6', '5', '66.71', '0', '');
INSERT INTO `product` VALUES ('372', 'LVSF2000014E4', '104', null, '5', '66.71', '1', '');
INSERT INTO `product` VALUES ('373', 'LVSF200002358', '104', '6', '5', '66.71', '0', '');
INSERT INTO `product` VALUES ('374', 'LVSF2000035TG', '104', null, '5', '66.71', '1', '');
INSERT INTO `product` VALUES ('375', 'LVSF2000027KO', '104', '6', '5', '66.71', '0', '');
INSERT INTO `product` VALUES ('376', 'LVSF2000048U4', '104', null, '5', '66.71', '1', '');
INSERT INTO `product` VALUES ('377', 'LVSF200000563', '104', '6', '5', '66.71', '0', '');
INSERT INTO `product` VALUES ('378', 'LVSF2000031SN', '104', '6', '5', '66.71', '0', '');
INSERT INTO `product` VALUES ('379', 'LVSF2000040AE', '104', '6', '5', '66.71', '0', '');
INSERT INTO `product` VALUES ('380', 'LVSF2000003KR', '104', '6', '5', '66.71', '0', '');
INSERT INTO `product` VALUES ('381', 'LVSF20000216B', '104', '6', '5', '66.71', '0', '');
INSERT INTO `product` VALUES ('382', 'LVSF20000653M', '104', '6', '5', '66.71', '0', '');
INSERT INTO `product` VALUES ('383', 'LVSF2000073AL', '104', null, '5', '66.71', '1', '');
INSERT INTO `product` VALUES ('384', 'LVSF2000060RW', '104', '6', '5', '66.71', '0', '');
INSERT INTO `product` VALUES ('385', 'LVSF2000041MG', '104', null, '5', '66.71', '1', '');
INSERT INTO `product` VALUES ('386', 'LVSF2000025WI', '104', '6', '5', '66.71', '0', '');
INSERT INTO `product` VALUES ('387', 'LVSF20000567U', '104', '6', '5', '66.71', '0', '');
INSERT INTO `product` VALUES ('388', 'LVSF2000071VP', '104', null, '5', '66.71', '1', '');
INSERT INTO `product` VALUES ('389', 'LVSF20000783J', '104', '6', '5', '66.71', '0', '');
INSERT INTO `product` VALUES ('390', 'LVSF20000791B', '104', null, '5', '66.71', '1', '');
INSERT INTO `product` VALUES ('391', 'LVSF2000010X1', '104', '6', '5', '66.71', '0', '');
INSERT INTO `product` VALUES ('392', 'LVSF2000076UE', '104', '6', '5', '66.71', '0', '');
INSERT INTO `product` VALUES ('393', 'LVSF20000679U', '104', '6', '5', '66.71', '0', '');
INSERT INTO `product` VALUES ('394', 'LVSF2000075EN', '104', '6', '5', '66.71', '0', '');
INSERT INTO `product` VALUES ('395', 'LVSF2000053YO', '104', '6', '5', '66.71', '0', '');
INSERT INTO `product` VALUES ('396', 'LVSF2000061XD', '104', '6', '5', '66.71', '0', '');
INSERT INTO `product` VALUES ('397', 'LVSF2000028NN', '104', '6', '5', '66.71', '0', '');
INSERT INTO `product` VALUES ('398', 'LVSF2000033H1', '104', '6', '5', '66.71', '0', '');
INSERT INTO `product` VALUES ('399', 'LVSF2000016YB', '104', '6', '5', '66.71', '0', '');
INSERT INTO `product` VALUES ('400', 'LVSF2000001RG', '104', '6', '5', '66.71', '0', '');
INSERT INTO `product` VALUES ('401', 'LVSF200002617', '104', '6', '5', '66.71', '0', '');
INSERT INTO `product` VALUES ('402', 'LVSF2000018U5', '104', '6', '5', '66.71', '0', '');
INSERT INTO `product` VALUES ('403', 'LVSF2000017BW', '104', '6', '5', '66.71', '0', '');
INSERT INTO `product` VALUES ('404', 'LVSF2000015S3', '104', '6', '5', '66.71', '0', '');
INSERT INTO `product` VALUES ('405', 'LVSF20000434R', '104', '6', '5', '66.71', '0', '');
INSERT INTO `product` VALUES ('406', '1T5E35010625Q', '105', '7', '6', '31.61', '0', 'BODEGA 16 NOVIEMBRE 2016');
INSERT INTO `product` VALUES ('407', '1T5E35010642T', '105', '7', '6', '31.61', '0', 'BODEGA 16 NOVIEMBRE 2016');
INSERT INTO `product` VALUES ('408', '1T5E3501104W4', '105', '7', '6', '31.61', '0', 'BODEGA 16 NOVIEMBRE 2016');
INSERT INTO `product` VALUES ('409', '1T5E35010592Y', '105', '7', '6', '31.61', '0', 'BODEGA 16 NOVIEMBRE 2016');
INSERT INTO `product` VALUES ('410', '1T5E3501122CQ', '105', '7', '6', '31.61', '0', 'BODEGA 16 NOVIEMBRE 2016');
INSERT INTO `product` VALUES ('411', '1T5E3501123T8', '105', '7', '6', '31.61', '0', 'BODEGA 16 NOVIEMBRE 2016');
INSERT INTO `product` VALUES ('412', '1T5E3501124FT', '105', '7', '6', '31.61', '0', 'BODEGA 16 NOVIEMBRE 2016');
INSERT INTO `product` VALUES ('413', '1T5E3501125OD', '105', '7', '6', '31.61', '0', 'BODEGA 16 NOVIEMBRE 2016');
INSERT INTO `product` VALUES ('414', '1T5E3501106Z4', '105', '7', '6', '31.61', '0', 'BODEGA 16 NOVIEMBRE 2016');
INSERT INTO `product` VALUES ('415', '1T5E3501108Z4', '105', null, '6', '31.61', '1', 'BODEGA 16 NOVIEMBRE 2016');
INSERT INTO `product` VALUES ('416', '1T5E35011096T', '105', null, '6', '31.61', '1', 'BODEGA 16 NOVIEMBRE 2016');
INSERT INTO `product` VALUES ('417', '1T5E3501121TR', '105', '7', '6', '31.61', '0', 'BODEGA 16 NOVIEMBRE 2016');
INSERT INTO `product` VALUES ('418', '1T5E3501063ZV', '105', '7', '6', '31.61', '0', 'BODEGA 16 NOVIEMBRE 2016');
INSERT INTO `product` VALUES ('419', '1T5E3501061WX', '105', '7', '6', '31.61', '0', 'BODEGA 16 NOVIEMBRE 2016');
INSERT INTO `product` VALUES ('420', '1T5E35010580R', '105', '7', '6', '31.61', '0', 'BODEGA 16 NOVIEMBRE 2016');
INSERT INTO `product` VALUES ('421', '1T5E3501101NA', '105', '7', '6', '31.61', '0', 'BODEGA 16 NOVIEMBRE 2016');
INSERT INTO `product` VALUES ('422', '1T5E3501065O2', '105', '7', '6', '31.61', '0', 'BODEGA 16 NOVIEMBRE 2016');
INSERT INTO `product` VALUES ('423', '1T5E3501097WR', '105', '7', '6', '31.61', '0', 'BODEGA 16 NOVIEMBRE 2016');
INSERT INTO `product` VALUES ('424', '1T5E3501100DG', '105', '7', '6', '31.61', '0', 'BODEGA 16 NOVIEMBRE 2016');
INSERT INTO `product` VALUES ('425', '1T5E3501105YK', '105', '7', '6', '31.61', '0', 'BODEGA 16 NOVIEMBRE 2016');
INSERT INTO `product` VALUES ('426', '1T5E3501102DJ', '105', '7', '6', '31.61', '0', 'BODEGA 16 NOVIEMBRE 2016');
INSERT INTO `product` VALUES ('427', '1T5E3501103GZ', '105', '7', '6', '31.61', '0', 'BODEGA 16 NOVIEMBRE 2016');
INSERT INTO `product` VALUES ('428', '1T5E35010564Y', '105', '7', '6', '31.61', '0', 'BODEGA 16 NOVIEMBRE 2016');
INSERT INTO `product` VALUES ('429', '1T5E35010604U', '105', '7', '6', '31.61', '0', 'BODEGA 16 NOVIEMBRE 2016');
INSERT INTO `product` VALUES ('430', '1T5E350109689', '105', '7', '6', '31.61', '0', 'BODEGA 16 NOVIEMBRE 2016');
INSERT INTO `product` VALUES ('431', '1T5E3501099OG', '105', '7', '6', '31.61', '0', 'BODEGA 16 NOVIEMBRE 2016');
INSERT INTO `product` VALUES ('432', '1T5E35010980G', '105', '7', '6', '31.61', '0', 'BODEGA 16 NOVIEMBRE 2016');
INSERT INTO `product` VALUES ('433', '1T5E35010577Q', '105', '7', '6', '31.61', '0', 'BODEGA 16 NOVIEMBRE 2016');
INSERT INTO `product` VALUES ('434', '1T5E3501110QD', '105', '7', '6', '31.61', '0', 'BODEGA 16 NOVIEMBRE 2016');
INSERT INTO `product` VALUES ('435', 'CIN201743001', '106', null, '7', '0.00', '1', 'PO 00062 XIAMEN MAIRDI ELECTRONIC TECHNOLOGY');
INSERT INTO `product` VALUES ('436', 'S/N', '107', null, '7', null, '1', 'DHL 6791046544\r\nCONECTOR NUMERO SERIE (CIN201743001)');
INSERT INTO `product` VALUES ('437', 'CIN201743002', '108', null, '8', '0.00', '1', 'ENTREGADO POR DHL GUIA AEREA 6599055046 (CHINA)');
INSERT INTO `product` VALUES ('438', 'S/N', '109', null, '8', null, '1', 'ENTREGADO POR DHL GUIA AEREA 6599055046 (CHINA)');
INSERT INTO `product` VALUES ('439', 'LWFF2301239CW', '110', '8', '9', '64.61', '0', '');
INSERT INTO `product` VALUES ('440', 'LWFF2300709BA', '110', '8', '9', '64.61', '0', '');
INSERT INTO `product` VALUES ('441', 'LWFF230072654', '110', '8', '9', '64.61', '0', '');
INSERT INTO `product` VALUES ('442', 'LWFF2300713VX', '110', '8', '9', '64.61', '0', '');
INSERT INTO `product` VALUES ('443', 'LWFF2202809F9', '110', '8', '9', '64.61', '0', '');
INSERT INTO `product` VALUES ('444', 'LWFF2301238VO', '110', '8', '9', '64.61', '0', '');
INSERT INTO `product` VALUES ('445', 'LWFF2301235Y2', '110', '8', '9', '64.61', '0', '');
INSERT INTO `product` VALUES ('446', 'LWFF2301234JE', '110', '8', '9', '64.61', '0', '');
INSERT INTO `product` VALUES ('447', 'LWFF2301233WB', '110', '8', '9', '64.61', '0', '');
INSERT INTO `product` VALUES ('448', 'LWFF2300721ZC', '110', '8', '9', '64.61', '0', '');
INSERT INTO `product` VALUES ('449', 'LWFF2202802YC', '110', '8', '9', '64.61', '0', '');
INSERT INTO `product` VALUES ('450', 'LWFF2301136QH', '110', '8', '9', '64.61', '0', '');
INSERT INTO `product` VALUES ('451', 'LWFF23012369T', '110', '8', '9', '64.61', '0', '');
INSERT INTO `product` VALUES ('452', 'LWFF2300723MP', '110', '8', '9', '64.61', '0', '');
INSERT INTO `product` VALUES ('453', 'LWFF2300708RI', '110', '8', '9', '64.61', '0', '');
INSERT INTO `product` VALUES ('454', 'LWFF2300716Y5', '110', '8', '9', '64.61', '0', '');
INSERT INTO `product` VALUES ('455', 'LWFF2300768E0', '110', '8', '9', '64.61', '0', '');
INSERT INTO `product` VALUES ('456', 'LWFF2301243VZ', '110', '8', '9', '64.61', '0', '');
INSERT INTO `product` VALUES ('457', 'LWFF2301221IT', '110', '8', '9', '64.61', '0', '');
INSERT INTO `product` VALUES ('458', 'LWFF2300767VY', '110', '8', '9', '64.61', '0', '');
INSERT INTO `product` VALUES ('459', 'LWFF2300791CA', '110', '8', '9', '64.61', '0', '');
INSERT INTO `product` VALUES ('460', 'LWFF2300704QF', '110', '8', '9', '64.61', '0', '');
INSERT INTO `product` VALUES ('461', 'LWFF2300714V1', '110', '8', '9', '64.61', '0', '');
INSERT INTO `product` VALUES ('462', 'LWFF2300703LA', '110', '8', '9', '64.61', '0', '');
INSERT INTO `product` VALUES ('463', 'LWFF23007197G', '110', '8', '9', '64.61', '0', '');
INSERT INTO `product` VALUES ('464', 'LWFF2300710QJ', '110', '8', '9', '64.61', '0', '');
INSERT INTO `product` VALUES ('465', 'LWFF2300717PY', '110', '8', '9', '64.61', '0', '');
INSERT INTO `product` VALUES ('466', 'LWFF2300758XW', '110', '8', '9', '64.61', '0', '');
INSERT INTO `product` VALUES ('467', 'LWFF2202806KI', '110', '8', '9', '64.61', '0', '');
INSERT INTO `product` VALUES ('468', 'LWFF2300752RL', '110', '8', '9', '64.61', '0', '');
INSERT INTO `product` VALUES ('469', 'LWFF2202807Z8', '110', '8', '9', '64.61', '0', '');
INSERT INTO `product` VALUES ('470', 'LWFF2202808NP', '110', '8', '9', '64.61', '0', '');
INSERT INTO `product` VALUES ('471', 'LWFF23007252B', '110', '8', '9', '64.61', '0', '');
INSERT INTO `product` VALUES ('472', 'LWFF23007739A', '110', '8', '9', '64.61', '0', '');
INSERT INTO `product` VALUES ('473', 'LWFF2300715Y4', '110', '8', '9', '64.61', '0', '');
INSERT INTO `product` VALUES ('474', 'LWFF230114808', '110', '8', '9', '64.61', '0', '');
INSERT INTO `product` VALUES ('475', 'LWFF2301240UI', '110', '8', '9', '64.61', '0', '');
INSERT INTO `product` VALUES ('476', 'LWFF2300782J0', '110', '8', '9', '64.61', '0', '');
INSERT INTO `product` VALUES ('477', 'LWFF2301146UH', '110', '8', '9', '64.61', '0', '');
INSERT INTO `product` VALUES ('478', 'LWFF2202810NI', '110', '8', '9', '64.61', '0', '');
INSERT INTO `product` VALUES ('479', 'LWFF23012374R', '110', '8', '9', '64.61', '0', '');
INSERT INTO `product` VALUES ('480', 'LWFF2300756P3', '110', '8', '9', '64.61', '0', '');
INSERT INTO `product` VALUES ('481', 'LWFF23012418V', '110', '8', '9', '64.61', '0', '');
INSERT INTO `product` VALUES ('482', 'LWFF2300731R5', '110', '8', '9', '64.61', '0', '');
INSERT INTO `product` VALUES ('483', 'LWFF230078177', '110', '8', '9', '64.61', '0', '');
INSERT INTO `product` VALUES ('484', 'LWFF2300724P5', '110', '8', '9', '64.61', '0', '');
INSERT INTO `product` VALUES ('485', 'LWFF23007181H', '110', '8', '9', '64.61', '0', '');
INSERT INTO `product` VALUES ('486', 'LWFF2301147MP', '110', '8', '9', '64.61', '0', '');
INSERT INTO `product` VALUES ('487', 'LWFF2301242ZH', '110', '8', '9', '64.61', '0', '');
INSERT INTO `product` VALUES ('488', 'LWFF230072213', '110', '8', '9', '64.61', '0', '');
INSERT INTO `product` VALUES ('489', 'LWFE3800879WF', '110', '9', '10', '80.81', '0', '');
INSERT INTO `product` VALUES ('490', 'LWFE38009318Q', '110', '9', '10', '80.81', '0', '');
INSERT INTO `product` VALUES ('491', 'LWFE38009321C', '110', '9', '10', '80.81', '0', '');
INSERT INTO `product` VALUES ('492', 'LWFE3800934E4', '110', '9', '10', '80.81', '0', '');
INSERT INTO `product` VALUES ('493', 'LWFE38008919C', '110', '9', '10', '80.81', '0', '');
INSERT INTO `product` VALUES ('494', 'LWFE3800880OW', '110', '9', '10', '80.81', '0', '');
INSERT INTO `product` VALUES ('495', 'LWFE380089509', '110', '9', '10', '80.81', '0', '');
INSERT INTO `product` VALUES ('496', 'LWFE3800878YH', '110', '9', '10', '80.81', '0', '');
INSERT INTO `product` VALUES ('497', 'LWFE380089226', '110', '9', '10', '80.81', '0', '');
INSERT INTO `product` VALUES ('498', 'LWFE3800894T9', '110', '9', '10', '80.81', '0', '');
INSERT INTO `product` VALUES ('499', 'LWFE38008932C', '110', '9', '10', '80.81', '0', '');
INSERT INTO `product` VALUES ('500', 'LWFE1203637KK', '110', '9', '11', '72.56', '2', '');
INSERT INTO `product` VALUES ('501', 'LWFE1203594SG', '110', '9', '11', '72.56', '0', '');
INSERT INTO `product` VALUES ('502', 'LWFE1203668HU', '110', '9', '11', '72.56', '0', '');
INSERT INTO `product` VALUES ('503', 'LWFE1203641JZ', '110', '9', '11', '72.56', '0', '');
INSERT INTO `product` VALUES ('504', 'LWFE12036817Y', '110', '9', '11', '72.56', '0', '');
INSERT INTO `product` VALUES ('505', 'LWFE1203576MK', '110', '9', '11', '72.56', '0', '');
INSERT INTO `product` VALUES ('506', 'LWFE1203741ZL', '110', '9', '11', '72.56', '0', '');
INSERT INTO `product` VALUES ('507', 'LWFE1203805KF', '110', '9', '11', '72.56', '0', '');
INSERT INTO `product` VALUES ('508', 'LWFE1203578K9', '110', '9', '11', '72.56', '0', '');
INSERT INTO `product` VALUES ('509', 'LWFE1203759QY', '110', '9', '11', '72.56', '2', '');
INSERT INTO `product` VALUES ('510', 'CIN201743003', '108', null, '12', '17.36', '1', '');
INSERT INTO `product` VALUES ('511', 'CIN201743004', '106', '6', '17', '22.09', '0', '');
INSERT INTO `product` VALUES ('512', 'S/N', '107', '7', '17', '20.52', '0', '');
INSERT INTO `product` VALUES ('513', 'S/N', '106', '6', '17', '22.09', '0', '');
INSERT INTO `product` VALUES ('514', 'S/N', '106', '6', '17', '22.09', '0', '');
INSERT INTO `product` VALUES ('515', 'S/N', '106', '6', '17', '22.09', '0', '');
INSERT INTO `product` VALUES ('516', 'S/N', '106', '6', '17', '22.09', '0', '');
INSERT INTO `product` VALUES ('517', 'S/N', '106', '6', '17', '22.09', '0', '');
INSERT INTO `product` VALUES ('518', 'S/N', '106', '6', '17', '22.09', '0', '');
INSERT INTO `product` VALUES ('519', 'S/N', '106', '6', '17', '22.09', '0', '');
INSERT INTO `product` VALUES ('520', 'S/N', '106', '6', '17', '22.09', '0', '');
INSERT INTO `product` VALUES ('521', 'S/N', '106', '6', '17', '22.09', '0', '');
INSERT INTO `product` VALUES ('522', 'S/N', '106', '6', '17', '22.09', '0', '');
INSERT INTO `product` VALUES ('523', 'S/N', '106', '6', '17', '22.09', '0', '');
INSERT INTO `product` VALUES ('524', 'S/N', '106', '6', '17', '22.09', '0', '');
INSERT INTO `product` VALUES ('525', 'S/N', '106', '6', '17', '22.09', '0', '');
INSERT INTO `product` VALUES ('526', 'S/N', '106', '6', '17', '22.09', '0', '');
INSERT INTO `product` VALUES ('527', 'S/N', '106', '6', '17', '22.09', '0', '');
INSERT INTO `product` VALUES ('528', 'S/N', '106', '6', '17', '22.09', '0', '');
INSERT INTO `product` VALUES ('529', 'S/N', '106', '6', '17', '22.09', '0', '');
INSERT INTO `product` VALUES ('530', 'S/N', '106', '6', '17', '22.09', '0', '');
INSERT INTO `product` VALUES ('531', 'S/N', '106', '6', '17', '22.09', '0', '');
INSERT INTO `product` VALUES ('532', 'S/N', '106', '6', '17', '22.09', '0', '');
INSERT INTO `product` VALUES ('533', 'S/N', '106', '6', '17', '22.09', '0', '');
INSERT INTO `product` VALUES ('534', 'S/N', '106', '6', '17', '22.09', '0', '');
INSERT INTO `product` VALUES ('535', 'S/N', '106', '6', '17', '22.09', '0', '');
INSERT INTO `product` VALUES ('536', 'S/N', '106', '6', '17', '22.09', '0', '');
INSERT INTO `product` VALUES ('537', 'S/N', '107', '6', '17', '20.52', '0', '');
INSERT INTO `product` VALUES ('538', 'S/N', '107', '6', '17', '20.52', '0', '');
INSERT INTO `product` VALUES ('539', 'S/N', '107', '6', '17', '20.52', '0', '');
INSERT INTO `product` VALUES ('540', 'S/N', '107', '6', '17', '20.52', '0', '');
INSERT INTO `product` VALUES ('541', 'S/N', '107', '6', '17', '20.52', '0', '');
INSERT INTO `product` VALUES ('542', 'S/N', '107', '6', '17', '20.52', '0', '');
INSERT INTO `product` VALUES ('543', 'S/N', '107', '6', '17', '20.52', '0', '');
INSERT INTO `product` VALUES ('544', 'S/N', '107', '6', '17', '20.52', '0', '');
INSERT INTO `product` VALUES ('545', 'S/N', '107', '6', '17', '20.52', '0', '');
INSERT INTO `product` VALUES ('546', 'S/N', '107', '6', '17', '20.52', '0', '');
INSERT INTO `product` VALUES ('547', 'S/N', '107', '6', '17', '20.52', '0', '');
INSERT INTO `product` VALUES ('548', 'S/N', '107', '6', '17', '20.52', '0', '');
INSERT INTO `product` VALUES ('549', 'S/N', '107', '6', '17', '20.52', '0', '');
INSERT INTO `product` VALUES ('550', 'S/N', '107', '6', '17', '20.52', '0', '');
INSERT INTO `product` VALUES ('551', 'S/N', '107', '6', '17', '20.52', '0', '');
INSERT INTO `product` VALUES ('552', 'S/N', '107', '6', '17', '20.52', '0', '');
INSERT INTO `product` VALUES ('553', 'S/N', '107', '6', '17', '20.52', '0', '');
INSERT INTO `product` VALUES ('554', 'S/N', '107', '6', '17', '20.52', '0', '');
INSERT INTO `product` VALUES ('555', 'S/N', '107', '6', '17', '20.52', '0', '');
INSERT INTO `product` VALUES ('556', 'S/N', '107', '6', '17', '20.52', '0', '');
INSERT INTO `product` VALUES ('557', 'S/N', '107', '6', '17', '20.52', '0', '');
INSERT INTO `product` VALUES ('558', 'S/N', '107', '6', '17', '20.52', '0', '');
INSERT INTO `product` VALUES ('559', 'S/N', '107', '6', '17', '20.52', '0', '');
INSERT INTO `product` VALUES ('560', 'S/N', '107', '6', '17', '20.52', '0', '');
INSERT INTO `product` VALUES ('561', 'S/N', '107', '6', '17', '20.52', '0', '');
INSERT INTO `product` VALUES ('562', 'S/N', '107', '6', '17', '20.52', '0', '');
INSERT INTO `product` VALUES ('563', 'S/N', '107', '6', '17', '20.52', '0', '');
INSERT INTO `product` VALUES ('564', 'S/N', '107', '6', '17', '20.52', '0', '');
INSERT INTO `product` VALUES ('565', 'S/N', '107', '6', '17', '20.52', '0', '');
INSERT INTO `product` VALUES ('566', 'S/N', '107', '6', '17', '20.52', '0', '');
INSERT INTO `product` VALUES ('567', 'S/N', '107', '6', '17', '20.52', '0', '');
INSERT INTO `product` VALUES ('568', 'S/N', '107', '6', '17', '20.52', '0', '');
INSERT INTO `product` VALUES ('569', 'S/N', '107', '6', '17', '20.52', '0', '');
INSERT INTO `product` VALUES ('570', 'S/N', '107', '6', '17', '20.52', '0', '');
INSERT INTO `product` VALUES ('571', 'S/N', '107', '6', '17', '20.52', '0', '');
INSERT INTO `product` VALUES ('572', 'S/N', '107', '6', '17', '20.52', '0', '');
INSERT INTO `product` VALUES ('580', 'FA6447000931', '111', '4', '18', '49.93', '0', '');
INSERT INTO `product` VALUES ('581', 'FA6447000940', '111', '4', '18', '49.93', '0', '');
INSERT INTO `product` VALUES ('582', 'FA6447001687', '111', '4', '18', '49.93', '0', '');
INSERT INTO `product` VALUES ('583', 'FA6447001686', '111', '4', '18', '49.93', '0', '');
INSERT INTO `product` VALUES ('584', 'FA6447001685', '111', '4', '18', '49.93', '0', '');
INSERT INTO `product` VALUES ('585', 'FA6447000933', '111', '4', '18', '49.93', '0', '');
INSERT INTO `product` VALUES ('586', 'FA6447001684', '111', '4', '18', '49.93', '0', '');
INSERT INTO `product` VALUES ('587', 'FA6447001683', '111', '4', '18', '49.93', '0', '');
INSERT INTO `product` VALUES ('588', 'FA6447001681', '111', '4', '18', '49.93', '0', '');
INSERT INTO `product` VALUES ('589', 'FA6447000939', '111', '4', '18', '49.93', '0', '');
INSERT INTO `product` VALUES ('590', 'FA6447000938', '111', '4', '18', '49.93', '0', '');
INSERT INTO `product` VALUES ('591', 'FA6447000937', '111', '4', '18', '49.93', '0', '');
INSERT INTO `product` VALUES ('592', 'FA6447000936', '111', '4', '18', '49.93', '0', '');
INSERT INTO `product` VALUES ('593', 'FA6447000935', '111', '4', '18', '49.93', '0', '');
INSERT INTO `product` VALUES ('594', 'FA6447000934', '111', '4', '18', '49.93', '0', '');
INSERT INTO `product` VALUES ('595', 'FA6447001682', '111', '4', '18', '49.93', '0', '');
INSERT INTO `product` VALUES ('596', 'FA6447001690', '111', '4', '18', '49.93', '0', '');
INSERT INTO `product` VALUES ('597', 'FA6447001943', '111', '4', '18', '49.93', '0', '');
INSERT INTO `product` VALUES ('598', 'FA6447001688', '111', '4', '18', '49.93', '0', '');
INSERT INTO `product` VALUES ('599', 'FA6447001949', '111', '4', '18', '49.93', '0', '');
INSERT INTO `product` VALUES ('600', 'FA6447001948', '111', '4', '18', '49.93', '0', '');
INSERT INTO `product` VALUES ('601', 'FA6447001947', '111', '4', '18', '49.93', '0', '');
INSERT INTO `product` VALUES ('602', 'FA6447001946', '111', '4', '18', '49.93', '0', '');
INSERT INTO `product` VALUES ('603', 'FA6447001471', '111', '4', '18', '49.93', '0', '');
INSERT INTO `product` VALUES ('604', 'FA6447001944', '111', '4', '18', '49.93', '0', '');
INSERT INTO `product` VALUES ('605', 'FA6447001942', '111', '4', '18', '49.93', '0', '');
INSERT INTO `product` VALUES ('606', 'FA6447001941', '111', '4', '18', '49.93', '0', '');
INSERT INTO `product` VALUES ('607', 'FA6444002370', '111', '4', '18', '49.93', '0', '');
INSERT INTO `product` VALUES ('608', 'FA6444002369', '111', '4', '18', '49.93', '0', '');
INSERT INTO `product` VALUES ('609', 'FA6444002368', '111', '4', '18', '49.93', '0', '');
INSERT INTO `product` VALUES ('610', 'FA6447001945', '111', '4', '18', '49.93', '0', '');
INSERT INTO `product` VALUES ('611', 'FA6447001950', '111', '4', '18', '49.93', '0', '');
INSERT INTO `product` VALUES ('612', 'FA6444002365', '111', '4', '18', '49.93', '0', '');
INSERT INTO `product` VALUES ('613', 'FA6447001908', '111', '4', '18', '49.93', '0', '');
INSERT INTO `product` VALUES ('614', 'FA6447001907', '111', '4', '18', '49.93', '0', '');
INSERT INTO `product` VALUES ('615', 'FA6447001906', '111', '4', '18', '49.93', '0', '');
INSERT INTO `product` VALUES ('616', 'FA6447001905', '111', '4', '18', '49.93', '0', '');
INSERT INTO `product` VALUES ('617', 'FA6447001904', '111', '4', '18', '49.93', '0', '');
INSERT INTO `product` VALUES ('618', 'FA6447001903', '111', '4', '18', '49.93', '0', '');
INSERT INTO `product` VALUES ('619', 'FA6447000986', '111', '4', '18', '49.93', '0', '');
INSERT INTO `product` VALUES ('620', 'FA6444002123', '111', '4', '18', '49.93', '0', '');
INSERT INTO `product` VALUES ('621', 'FA6444002122', '111', '4', '18', '49.93', '0', '');
INSERT INTO `product` VALUES ('622', 'FA6444002121', '111', '4', '18', '49.93', '0', '');
INSERT INTO `product` VALUES ('623', 'FA6447000990', '111', '4', '18', '49.93', '0', '');
INSERT INTO `product` VALUES ('624', 'FA6447000989', '111', '4', '18', '49.93', '0', '');
INSERT INTO `product` VALUES ('625', 'FA6444002367', '111', '4', '18', '49.93', '0', '');
INSERT INTO `product` VALUES ('626', 'FA6447000987', '111', '4', '18', '49.93', '0', '');
INSERT INTO `product` VALUES ('627', 'FA6444002126', '111', '4', '18', '49.93', '0', '');
INSERT INTO `product` VALUES ('628', 'FA6447000985', '111', '4', '18', '49.93', '0', '');
INSERT INTO `product` VALUES ('629', 'FA6447000984', '111', '4', '18', '49.93', '0', '');
INSERT INTO `product` VALUES ('630', 'FA6447000983', '111', '4', '18', '49.93', '0', '');
INSERT INTO `product` VALUES ('631', 'FA6447000982', '111', '4', '18', '49.93', '0', '');
INSERT INTO `product` VALUES ('632', 'FA6447000981', '111', '4', '18', '49.93', '0', '');
INSERT INTO `product` VALUES ('633', 'FA6447000988', '111', '4', '18', '49.93', '0', '');
INSERT INTO `product` VALUES ('634', 'FA6447001005', '111', '4', '18', '49.93', '0', '');
INSERT INTO `product` VALUES ('635', 'FA6447001689', '111', '4', '18', '49.93', '0', '');
INSERT INTO `product` VALUES ('636', 'FA6444002364', '111', '4', '18', '49.93', '0', '');
INSERT INTO `product` VALUES ('637', 'FA6444002363', '111', '4', '18', '49.93', '0', '');
INSERT INTO `product` VALUES ('638', 'FA6444002362', '111', '4', '18', '49.93', '0', '');
INSERT INTO `product` VALUES ('639', 'FA6444002361', '111', '4', '18', '49.93', '0', '');
INSERT INTO `product` VALUES ('640', 'FA6447001010', '111', '4', '18', '49.93', '0', '');
INSERT INTO `product` VALUES ('641', 'FA6444002124', '111', '4', '18', '49.93', '0', '');
INSERT INTO `product` VALUES ('642', 'FA6444002125', '111', '4', '18', '49.93', '0', '');
INSERT INTO `product` VALUES ('643', 'FA6447001004', '111', '4', '18', '49.93', '0', '');
INSERT INTO `product` VALUES ('644', 'FA6444002130', '111', '4', '18', '49.93', '0', '');
INSERT INTO `product` VALUES ('645', 'FA6444002129', '111', '4', '18', '49.93', '0', '');
INSERT INTO `product` VALUES ('646', 'FA6444002128', '111', '4', '18', '49.93', '0', '');
INSERT INTO `product` VALUES ('647', 'FA6444002127', '111', '4', '18', '49.93', '0', '');
INSERT INTO `product` VALUES ('648', 'FA6444002366', '111', '4', '18', '49.93', '0', '');
INSERT INTO `product` VALUES ('649', 'FA6447001009', '111', '4', '18', '49.93', '0', '');
INSERT INTO `product` VALUES ('650', 'FA1133002197', '111', null, '19', '49.93', '1', '');
INSERT INTO `product` VALUES ('651', 'FA1133002169', '111', '4', '19', '49.93', '0', '');
INSERT INTO `product` VALUES ('652', 'FA1133002168', '111', '4', '19', '49.93', '0', '');
INSERT INTO `product` VALUES ('653', 'FA1133002167', '111', '4', '19', '49.93', '0', '');
INSERT INTO `product` VALUES ('654', 'FA1133002166', '111', '4', '19', '49.93', '0', '');
INSERT INTO `product` VALUES ('655', 'FA1133002165', '111', '4', '19', '49.93', '0', '');
INSERT INTO `product` VALUES ('656', 'FA1133002164', '111', '4', '19', '49.93', '0', '');
INSERT INTO `product` VALUES ('657', 'FA1133002163', '111', '4', '19', '49.93', '0', '');
INSERT INTO `product` VALUES ('658', 'FA1133002162', '111', '4', '19', '49.93', '0', '');
INSERT INTO `product` VALUES ('659', 'FA1133002161', '111', '4', '19', '49.93', '0', '');
INSERT INTO `product` VALUES ('660', 'FA1133002170', '111', '4', '19', '49.93', '0', '');
INSERT INTO `product` VALUES ('661', 'FA1133002198', '111', null, '19', '49.93', '1', '');
INSERT INTO `product` VALUES ('662', 'FA1133002061', '111', '4', '19', '49.93', '0', '');
INSERT INTO `product` VALUES ('663', 'FA1133002196', '111', null, '19', '49.93', '1', '');
INSERT INTO `product` VALUES ('664', 'FA1133002193', '111', null, '19', '49.93', '1', '');
INSERT INTO `product` VALUES ('665', 'FA1133002192', '111', null, '19', '49.93', '1', '');
INSERT INTO `product` VALUES ('666', 'FA1133002070', '111', '4', '19', '49.93', '0', '');
INSERT INTO `product` VALUES ('667', 'FA1133002069', '111', '4', '19', '49.93', '0', '');
INSERT INTO `product` VALUES ('668', 'FA1133002067', '111', '4', '19', '49.93', '0', '');
INSERT INTO `product` VALUES ('669', 'FA1133002066', '111', '4', '19', '49.93', '0', '');
INSERT INTO `product` VALUES ('670', 'FA1133002065', '111', '4', '19', '49.93', '0', '');
INSERT INTO `product` VALUES ('671', 'FA1133002063', '111', '4', '19', '49.93', '0', '');
INSERT INTO `product` VALUES ('672', 'FA1133002062', '111', '4', '19', '49.93', '0', '');
INSERT INTO `product` VALUES ('673', 'FA1133002199', '111', null, '19', '49.93', '1', '');
INSERT INTO `product` VALUES ('674', 'S/N', '108', '2', '12', '17.36', '0', '');
INSERT INTO `product` VALUES ('675', 'S/N', '108', '2', '12', '17.36', '0', '');
INSERT INTO `product` VALUES ('676', 'S/N', '108', '2', '12', '17.36', '0', '');
INSERT INTO `product` VALUES ('677', 'S/N', '108', '2', '12', '17.36', '0', '');
INSERT INTO `product` VALUES ('678', 'S/N', '108', '2', '12', '17.36', '0', '');
INSERT INTO `product` VALUES ('679', 'S/N', '108', '2', '12', '17.36', '0', '');
INSERT INTO `product` VALUES ('680', 'S/N', '108', '2', '12', '17.36', '0', '');
INSERT INTO `product` VALUES ('681', 'S/N', '108', '2', '12', '17.36', '0', '');
INSERT INTO `product` VALUES ('682', 'S/N', '108', '2', '12', '17.36', '0', '');
INSERT INTO `product` VALUES ('683', 'S/N', '108', '2', '12', '17.36', '0', '');
INSERT INTO `product` VALUES ('684', 'S/N', '108', '2', '12', '17.36', '0', '');
INSERT INTO `product` VALUES ('685', 'S/N', '108', '2', '12', '17.36', '0', '');
INSERT INTO `product` VALUES ('686', 'S/N', '108', '2', '12', '17.36', '0', '');
INSERT INTO `product` VALUES ('687', 'S/N', '108', '2', '12', '17.36', '0', '');
INSERT INTO `product` VALUES ('688', 'S/N', '108', '2', '12', '17.36', '0', '');
INSERT INTO `product` VALUES ('689', 'S/N', '108', '2', '12', '17.36', '0', '');
INSERT INTO `product` VALUES ('690', 'S/N', '108', '2', '12', '17.36', '0', '');
INSERT INTO `product` VALUES ('691', 'S/N', '108', '2', '12', '17.36', '0', '');
INSERT INTO `product` VALUES ('692', 'S/N', '108', '2', '12', '17.36', '0', '');
INSERT INTO `product` VALUES ('693', 'S/N', '108', '2', '12', '17.36', '0', '');
INSERT INTO `product` VALUES ('700', 'S/N', '108', '2', '12', '17.36', '0', '');
INSERT INTO `product` VALUES ('701', 'S/N', '108', '2', '12', '17.36', '0', '');
INSERT INTO `product` VALUES ('702', 'S/N', '108', '2', '12', '17.36', '0', '');
INSERT INTO `product` VALUES ('703', 'S/N', '108', '2', '12', '17.36', '0', '');
INSERT INTO `product` VALUES ('704', 'S/N', '108', '2', '12', '17.36', '0', '');
INSERT INTO `product` VALUES ('705', 'S/N', '108', '2', '12', '17.36', '0', '');
INSERT INTO `product` VALUES ('706', 'S/N', '108', '2', '12', '17.36', '0', '');
INSERT INTO `product` VALUES ('707', 'S/N', '108', '2', '12', '17.36', '0', '');
INSERT INTO `product` VALUES ('708', 'S/N', '108', '2', '12', '17.36', '0', '');
INSERT INTO `product` VALUES ('709', 'S/N', '108', '2', '12', '17.36', '0', '');
INSERT INTO `product` VALUES ('710', 'S/N', '108', '2', '12', '17.36', '0', '');
INSERT INTO `product` VALUES ('711', 'S/N', '108', '2', '12', '17.36', '0', '');
INSERT INTO `product` VALUES ('712', 'S/N', '108', '2', '12', '17.36', '0', '');
INSERT INTO `product` VALUES ('713', 'S/N', '108', '2', '12', '17.36', '0', '');
INSERT INTO `product` VALUES ('714', 'S/N', '108', '2', '12', '17.36', '0', '');
INSERT INTO `product` VALUES ('715', 'S/N', '108', '2', '12', '17.36', '0', '');
INSERT INTO `product` VALUES ('716', 'S/N', '108', '2', '12', '17.36', '0', '');
INSERT INTO `product` VALUES ('717', 'S/N', '108', '2', '12', '17.36', '0', '');
INSERT INTO `product` VALUES ('718', 'S/N', '108', '2', '12', '17.36', '0', '');
INSERT INTO `product` VALUES ('719', 'S/N', '108', '2', '12', '17.36', '0', '');
INSERT INTO `product` VALUES ('720', 'CIN2017440016', '108', null, '12', '17.36', '1', '');
INSERT INTO `product` VALUES ('721', 'CIN2017440017', '108', null, '12', '17.36', '1', '');
INSERT INTO `product` VALUES ('722', 'CIN2017440018', '108', null, '12', '17.36', '1', '');
INSERT INTO `product` VALUES ('723', 'CIN2017440019', '108', null, '12', '17.36', '1', '');
INSERT INTO `product` VALUES ('724', 'CIN2017440020', '108', null, '12', '17.36', '1', '');
INSERT INTO `product` VALUES ('725', 'CIN2017440021', '108', null, '12', '17.36', '1', '');
INSERT INTO `product` VALUES ('726', 'S/N', '109', null, '20', '8.63', '1', '');
INSERT INTO `product` VALUES ('727', 'S/N', '109', null, '20', '8.63', '1', '');
INSERT INTO `product` VALUES ('728', 'S/N', '109', null, '20', '8.63', '1', '');
INSERT INTO `product` VALUES ('729', 'S/N', '109', null, '20', '8.63', '1', '');
INSERT INTO `product` VALUES ('730', 'S/N', '109', null, '20', '8.63', '1', '');
INSERT INTO `product` VALUES ('731', 'S/N', '109', null, '20', '8.63', '1', '');
INSERT INTO `product` VALUES ('732', 'S/N', '109', '6', '20', '8.63', '0', '');
INSERT INTO `product` VALUES ('733', 'S/N', '109', '6', '20', '8.63', '0', '');
INSERT INTO `product` VALUES ('734', 'S/N', '109', '6', '20', '8.63', '0', '');
INSERT INTO `product` VALUES ('735', 'S/N', '109', '6', '20', '8.63', '0', '');
INSERT INTO `product` VALUES ('736', 'S/N', '109', '6', '20', '8.63', '0', '');
INSERT INTO `product` VALUES ('737', 'S/N', '109', '6', '20', '8.63', '0', '');
INSERT INTO `product` VALUES ('738', 'S/N', '109', '6', '20', '8.63', '0', '');
INSERT INTO `product` VALUES ('739', 'S/N', '109', '6', '20', '8.63', '0', '');
INSERT INTO `product` VALUES ('740', 'S/N', '109', '6', '20', '8.63', '0', '');
INSERT INTO `product` VALUES ('741', 'S/N', '109', '6', '20', '8.63', '0', '');
INSERT INTO `product` VALUES ('742', 'S/N', '109', '6', '20', '8.63', '0', '');
INSERT INTO `product` VALUES ('743', 'FJ3143000166', '117', '8', '18', '40.49', '0', '');
INSERT INTO `product` VALUES ('744', 'FJ3143001163', '117', '8', '18', '40.49', '0', '');
INSERT INTO `product` VALUES ('745', 'FJ3143001162', '117', '8', '18', '40.49', '0', '');
INSERT INTO `product` VALUES ('746', 'FJ3143001161', '117', '8', '18', '40.49', '0', '');
INSERT INTO `product` VALUES ('747', 'FJ3143000165', '117', '8', '18', '40.49', '0', '');
INSERT INTO `product` VALUES ('748', 'FJ3143001164', '117', '8', '18', '40.49', '0', '');
INSERT INTO `product` VALUES ('749', 'FJ3143000162', '117', '8', '18', '40.49', '0', '');
INSERT INTO `product` VALUES ('750', 'FJ3143000161', '117', '8', '18', '40.49', '0', '');
INSERT INTO `product` VALUES ('751', 'FJ3143001166', '117', '8', '18', '40.49', '0', '');
INSERT INTO `product` VALUES ('752', 'FJ3143000170', '117', '8', '18', '40.49', '0', '');
INSERT INTO `product` VALUES ('753', 'FJ3143000180', '117', '8', '18', '40.49', '0', '');
INSERT INTO `product` VALUES ('754', 'FJ3143000168', '117', '8', '18', '40.49', '0', '');
INSERT INTO `product` VALUES ('755', 'FJ3143001168', '117', '8', '18', '40.49', '0', '');
INSERT INTO `product` VALUES ('756', 'FJ3143000169', '117', '8', '18', '40.49', '0', '');
INSERT INTO `product` VALUES ('757', 'FJ3143001170', '117', '8', '18', '40.49', '0', '');
INSERT INTO `product` VALUES ('758', 'FJ3143001169', '117', '8', '18', '40.49', '0', '');
INSERT INTO `product` VALUES ('759', 'FJ3143000167', '117', '8', '18', '40.49', '0', '');
INSERT INTO `product` VALUES ('760', 'FJ3143001167', '117', '8', '18', '40.49', '0', '');
INSERT INTO `product` VALUES ('761', 'FZ6249000036', '116', '10', '18', '276.65', '0', '');
INSERT INTO `product` VALUES ('762', 'FZ6249000034', '116', '10', '18', '276.65', '0', '');
INSERT INTO `product` VALUES ('763', 'FZ6249000033', '116', '10', '18', '276.65', '0', '');
INSERT INTO `product` VALUES ('764', '20EZ1WBH20AD9DF0', '118', null, '21', '36.92', '1', '');
INSERT INTO `product` VALUES ('765', '20EZ1WBH20AD9DEA', '118', '4', '21', '36.92', '0', '');
INSERT INTO `product` VALUES ('766', '20EZ1WBH20AD9DF2', '118', '4', '21', '36.92', '0', '');
INSERT INTO `product` VALUES ('767', '20EZ1WBH20AD9DF4', '118', '4', '21', '36.92', '0', '');
INSERT INTO `product` VALUES ('768', '20EZ1WBH20AD9DF1', '118', '4', '21', '36.92', '0', '');
INSERT INTO `product` VALUES ('769', '20EZ1WBH20AD9EBC', '118', '4', '21', '36.92', '0', '');
INSERT INTO `product` VALUES ('770', '22MTB2RG90A0EC2F', '118', '4', '21', '36.92', '0', '');
INSERT INTO `product` VALUES ('771', '20EZ1WBH20AD9EC2', '118', '4', '21', '36.92', '0', '');
INSERT INTO `product` VALUES ('772', '20EZ1WBH20AD9EBA', '118', '4', '21', '36.92', '0', '');
INSERT INTO `product` VALUES ('773', '20EZ1WBH20AD9EB7', '118', '4', '21', '36.92', '0', '');
INSERT INTO `product` VALUES ('774', '20EZ1WBH20AD9EB8', '118', '4', '21', '36.92', '0', '');
INSERT INTO `product` VALUES ('775', '20EZ1WBH20AD9EC5', '118', '4', '21', '36.92', '0', '');
INSERT INTO `product` VALUES ('776', '20EZ1WBH20AD9EB6', '118', '4', '21', '36.92', '0', '');

-- ----------------------------
-- Table structure for provider
-- ----------------------------
DROP TABLE IF EXISTS `provider`;
CREATE TABLE `provider` (
  `id` int(11) NOT NULL AUTO_INCREMENT,
  `dni` varchar(50) DEFAULT '',
  `name` varchar(100) DEFAULT NULL,
  `address` text,
  `phone` varchar(40) DEFAULT '',
  `email` varchar(100) DEFAULT NULL,
  `createdAt` datetime DEFAULT NULL,
  `updatedAt` datetime DEFAULT NULL,
  PRIMARY KEY (`id`)
) ENGINE=InnoDB AUTO_INCREMENT=247 DEFAULT CHARSET=latin1;

-- ----------------------------
-- Records of provider
-- ----------------------------
INSERT INTO `provider` VALUES ('10', 'CNPJ 54996335000130', 'FELITRON TELECOMUNICACIONES LTDA', 'ANTONIO DAS CHAGAS 331 SAO PAULO', '1151820066', 'jessica.floretti@felitron.com.br', null, null);
INSERT INTO `provider` VALUES ('11', 'S/A', 'IP DORAL', 'IP DORAL. 3655 NW 1155 AVE. DORAL FL, 33178', '1 305 468 4770', 'info@ipdoral.com', null, null);
INSERT INTO `provider` VALUES ('12', '1792025915001', 'CINETO TELECOMUNICACIONES S.A.', 'LA PINTA E6-29 Y LA RÁBIDA', '5100528', 'info@cineto.net', null, null);
INSERT INTO `provider` VALUES ('14', '1705052866001', 'ULPIANO PATRICIO PEREZ BASANTES', 'AMAZONAS N33-279 E INGLATERRA', '2279444', null, null, null);
INSERT INTO `provider` VALUES ('15', '1791256115001', 'OTECEL S.A.', 'AV. REPUBLICA E7-16 Y LA PRADERA', '2227700', null, null, null);
INSERT INTO `provider` VALUES ('16', '1706549381001', 'SANTIAGO JAVIER REYES RODRIGUEZ', 'DE LOS CIPRESES Y DE LOS HELECHOS', '2803922', null, null, null);
INSERT INTO `provider` VALUES ('19', '1791242785001', 'TRANSEXPRESS', '', '', null, null, null);
INSERT INTO `provider` VALUES ('20', '1706530423001', 'NIDIA MONSERRATE PEREZ CASTRO', '', '', null, null, null);
INSERT INTO `provider` VALUES ('21', '1709296105001', 'CARLOS HERNAN FREIRE FREIRE', '', '', null, null, null);
INSERT INTO `provider` VALUES ('22', '1791966740001', 'GRUMANHER S.A.', 'Amazonas N137-155 y Barón de Carondelet', '', null, null, null);
INSERT INTO `provider` VALUES ('23', '1790819515001', 'DILIPA', '', '', null, null, null);
INSERT INTO `provider` VALUES ('24', '1790022404001', 'ALCATEL LUCENT ECUADOR S.A.', 'LA PINTA 236 Y RABIDA', '2940700', null, null, null);
INSERT INTO `provider` VALUES ('25', '1705357679001', 'GRACE CECILIA SALOME PAZMIÑO DEL SALTO', 'PASTEUR E10-27 (164) Y PARIS', '2446911', null, null, null);
INSERT INTO `provider` VALUES ('26', '1102121751001', 'MANUEL BOLIVAR ROJAS SILVA', 'OFELIA MZ-C CASA 27 OE2-22', '2808007', null, null, null);
INSERT INTO `provider` VALUES ('27', '1791264630001', 'COLEGIO DE INGENIEROS ELECTRICOS Y ELECTRONICOS DE PICHINCHA', 'DANIEL HIDALGO 168 Y AV. 10 DE AGOSTO', '2547228', null, null, null);
INSERT INTO `provider` VALUES ('28', '1001620408001', 'ING. SANTAFE POZO MAURO ROMAN', 'CENTRO COMERCIAL EL BOSQUE LOCAL 27', '2453359', null, null, null);
INSERT INTO `provider` VALUES ('29', '1707964183001', 'ESPIN GARCIA GLADYS NARCISA', 'OBISPO SANCHO DE ANDRADE 183 Y GASPAR DE ESCALONA', '2246337', null, null, null);
INSERT INTO `provider` VALUES ('30', '1707621346001', 'RONALD PATRICIO PROAÑO GUERRA', 'SAN JOSE DEL INCA E13-108 Y DE LOS GUAYACANES', '2416273', null, null, null);
INSERT INTO `provider` VALUES ('31', '1704028099001', 'MARIA MELIDA DEL ROCIO CADENA DEL SALTO', 'POLANCO S/N Y COLINES', '2432126', null, null, null);
INSERT INTO `provider` VALUES ('32', '1708001662001', 'LUIS CRISTOBAL MANTILLA ARMENDARIZ', 'AV. CORUÑA 2563 Y GONAZALEZ SUAREZ', '094179066', null, null, null);
INSERT INTO `provider` VALUES ('33', '1791240901001', 'MARTEL CIA LTDA', 'JUAN GONZALEZ N35-76 Y JUAN PABLO SANZ', '225-1102', null, null, null);
INSERT INTO `provider` VALUES ('34', '1711652360001', 'GARRIDO CUAICAL JOFFRE ARTURO', 'LA LUZ, CUARTA ETAPA, DIOGENES PAREDES DEPT 2A', '2257507', null, null, null);
INSERT INTO `provider` VALUES ('35', '1791985400001', 'ST SOJOS TELLO SERVICIOS CIA LTDA', 'LA MARISCAL - LA PINTA 236 Y RABIDA', '2223399', null, null, null);
INSERT INTO `provider` VALUES ('36', '1704444346001', 'VICTOR HUGO SALGADO MANOSLAVAS', 'LUIS CORDERO OE1-123 Y 10 DE AGOSTO', '3214804', null, null, null);
INSERT INTO `provider` VALUES ('37', '1707597371001', 'JOSE RICARDO DAVID ALVAREZ VILLAVICENCIO', 'MARIANO ANDRADE N37-43', '2246093', null, null, null);
INSERT INTO `provider` VALUES ('38', '1803116852', 'SANTIAGO PEREZ', '', '', null, null, null);
INSERT INTO `provider` VALUES ('39', '1001135209001', 'MIRIAM MARLENE CARRERA CARRERA', 'EL INCA E13-107 Y DE LOS MADROÑOS', '2416409 - 098736573', null, null, null);
INSERT INTO `provider` VALUES ('40', '1708852916001', 'EDISON MIGUEL SAFLA SANCHEZ', 'GONZALO ZALDUMBIDE 513 E ISAAC BARRERA', '2812195', null, null, null);
INSERT INTO `provider` VALUES ('41', '1791433025001', 'TECNOMEGA C.A.', 'RUIZ DE CASTILLA N30-62', '2502209', null, null, null);
INSERT INTO `provider` VALUES ('42', '1768116410001', 'CTT ESPE - CECAI', 'LA COLINA, AAV RL PROGRESO S/N', '2332055', null, null, null);
INSERT INTO `provider` VALUES ('43', '0992281642001', 'TEDEX S.A.', 'AV. RIO COCA Y AMAZONAS, EDIFICIO DROIRA 3PISO', '2462527', null, null, null);
INSERT INTO `provider` VALUES ('44', '1790016919001', 'CORPORACION FAVORITA C.A.', 'AV. GENERAL ENRIQUEZ', '', null, null, null);
INSERT INTO `provider` VALUES ('45', '1790001075001', 'LA COMPETENCIA S.A.', 'AV. 6 DE DICIEMBRE 6625 PASAJE LOS MANZANOS', '3965279', null, null, null);
INSERT INTO `provider` VALUES ('46', '0901647156001', 'DR. MEDARDO OLEAS RODRIGUEZ', 'LA PINTA 236 Y RABIDA', '2228341', null, null, null);
INSERT INTO `provider` VALUES ('47', 'EPYGI', 'EPYGI TECHNOLOGIES, LTDA', '6900 NORTH DALLAS PARKWAY, SUITE 850', '972 692 1166', null, null, null);
INSERT INTO `provider` VALUES ('48', 'COMMLOGIK', 'COMMLOGIK CORPORATION', '1921 NW 82 Ave. Miami FL 33126', '305 677 7888', null, null, null);
INSERT INTO `provider` VALUES ('49', 'USBID', 'USBID', '2320 COMMERCE PARK DRIVE, PALM BAY, FL 32905', '321 725 9565', null, null, null);
INSERT INTO `provider` VALUES ('50', '1792026148001', 'HOTELNET S.L.', 'Vicente Ramón Roca E4-122 y Av. Amazonas', '2501605', null, null, null);
INSERT INTO `provider` VALUES ('51', '1790730166001', 'PANALPINA ECUADOR S.A.', 'El Inca Av. El Inca E4-181 y Av. Amazonas - Quito', '2413999', null, null, null);
INSERT INTO `provider` VALUES ('52', '1792092612001', 'LIDERAZGO', 'Mariana de Jesús E3-40 y Alemania, Edificio del Pozo Of. 3', '2543315', null, null, null);
INSERT INTO `provider` VALUES ('53', '1791332903001', 'OM CIA. LTDA.', 'Río Arajuno 127 (OE3-17) y Av. De la Prensa', '2244121', null, null, null);
INSERT INTO `provider` VALUES ('54', '1791330463001', 'COIMPEXA CIAL LTDA', 'ENRIQUE ITURRALDE OE3-47 y Av de la Prensa', '2256943', null, null, null);
INSERT INTO `provider` VALUES ('55', '1791116283001', 'PARADYNE S.A.', 'AV. 6 DE DICIEMBRE N33-55 Y ELOY ALFARO', '2549105', null, null, null);
INSERT INTO `provider` VALUES ('56', '1705527438001', 'CABEZAS PAREDES OSWALDO GERMAN', 'Autopista General Rumiñahui 15 y Transversal 2-A (La Armenia)', '2342534', null, null, null);
INSERT INTO `provider` VALUES ('57', '1792199603001', 'GLOBAL BUSINESSNETWORK S.A.', 'Av. Orellana E2-08 y A.  10 de Agosto', '2284006', null, null, null);
INSERT INTO `provider` VALUES ('58', '1791362845001', 'UNIVERSIDAD DE LAS AMERICAS', 'El Batán Av. De los Granados E12-41', '', null, null, null);
INSERT INTO `provider` VALUES ('59', '0992125934001', 'ECUADORTELECOM S.A.', 'Edificio Plaza San Francisco ', '45000000', null, null, null);
INSERT INTO `provider` VALUES ('60', '0990030545001', 'PAN AMERICAN LIFE INSURANCE COMPANY', 'Av. República del Salvador 1082 y Av. Naciones Unidas', '2253500', null, null, null);
INSERT INTO `provider` VALUES ('61', '1792201926001', 'SISTEMAS DE COMPUTACION SYSTEMBOARD S.A.', 'AV. OCCIDENTAL 124 Y CARVAJAL, CENTRO COMERCIAL EL BOSQUE LOCAL 27-123/4', '2453359', null, null, null);
INSERT INTO `provider` VALUES ('62', '1790007502001', 'SEGUROS EQUINOCCIAL S.A.', 'AV ELOY ALFARO No. 33-400 y AYARZA', '', null, null, null);
INSERT INTO `provider` VALUES ('63', '1791350308001', 'ACCELL', 'AV DE LOS SHURIS 1240 Y AV PORTUGAL', '2439369', null, null, null);
INSERT INTO `provider` VALUES ('64', '1705621033001', 'DR. ROMERO ALBAN JAIME ANDRES', 'CLOEMENTE PONCE 229 Y PIEDRAHITA', '2551386', null, null, null);
INSERT INTO `provider` VALUES ('65', '0102356607001', 'SYSTEM INTEGRATOR - LUIS EDUARDO PERALTA QUINDE ', 'MAS UHLE S/N Y ALFREDO PAREJA', '72860000', null, null, null);
INSERT INTO `provider` VALUES ('66', '0602823882001', 'EFRAIN ISAAC VALLEJO GRANIZO', 'Av. Repúbica OE1-6363 y 10 de Agosto', '2259458', null, null, null);
INSERT INTO `provider` VALUES ('67', 'ALC', 'AMERICAN LEAD COMONENTS INC.', '15610  NW 14CT Pembroke Pines, FL, 33028, USA', '19544831065', null, null, null);
INSERT INTO `provider` VALUES ('68', '1713480232001', 'SERGIO EDUARDO DAVILA ANDRADE', 'La Delicia - Av. De la Prensa N66-11 y Ramón Chiriboga', '2291440 - 095661915', null, null, null);
INSERT INTO `provider` VALUES ('69', '1703599405001', 'EGAS CARRION SONIA MARIA DEL ROCIO', 'PASAJE REMBRANT OE-428 Y AV. JHON F KENNEDY', '3570105', null, null, null);
INSERT INTO `provider` VALUES ('70', '1708164692001', 'MARIANA DE JUESUS ALARCON NOBOA', 'AV. Ilalo s/ y Séptima Transversal ', '2070592', null, null, null);
INSERT INTO `provider` VALUES ('71', '1792217431001', 'VACUNAS VACUNAMED S.A.', 'AV. AMERICA N39-231 Y SAN FRANCISCO', '2255457', null, null, null);
INSERT INTO `provider` VALUES ('72', '1001135209001', 'CARRERA CARRERA MIRIAM MARLENE', 'AV. EL INCA E13-107 Y DE LOS MADROÑOS', '2416409', null, null, null);
INSERT INTO `provider` VALUES ('73', '1792153751001', 'SYSTEMPARTS S.A.', 'AV. MANUEL CORDOVA GALARZA KM 10 Y SECUNDARIA', '6036149', null, null, null);
INSERT INTO `provider` VALUES ('74', '0190314502001', 'TELECOMAUSTRO CIA. LTDA.', 'RAFAEL TORRES S/N Y AV. FRANCISCO MOSCOSO', '4034622', null, null, null);
INSERT INTO `provider` VALUES ('75', '1791848055001', 'ITALCOM CIA. LTDA.', 'VALLADOLID 1053 Y GENERAL SALAZAR', '2229289', null, null, null);
INSERT INTO `provider` VALUES ('76', '1803116852001', 'SANTIAGO JAVIER PEREZ GUTIERREZ', 'ENRIQUE RITTER N23175 Y ZORRILLA', '2529015', null, null, null);
INSERT INTO `provider` VALUES ('77', '0916642051001', 'BURGOS MENDOZA WALTER ANDRES', 'LA 24 AVA  No. 4727 Y COLOMBIA', '2368988', null, null, null);
INSERT INTO `provider` VALUES ('78', '1715000848001', 'QUINGA GUEVARA ROBERTO CARLOS', 'AV. 6 DICIEMBRE 5162e Isaac Barrera', '093768509', null, null, null);
INSERT INTO `provider` VALUES ('79', '0190123626001', 'ASEGURADORA DEL SUR C.A.', 'AV. REPUBLICA DEL SALVADOR N34-211 Y MOSCU', '2997500', null, null, null);
INSERT INTO `provider` VALUES ('80', '1716238884001', 'TIME CENTER RELOJERIA - MILIAN CARRERA', 'AV. AMAZONAS No. 585 y Carrión', '2547751', null, null, null);
INSERT INTO `provider` VALUES ('81', '1792237416001', 'OPTYTECH TECNOLOGIAS DE TELECOMUNICACIONES CIA. LTDA.', 'CALLE RABIDA 169 Y SANTA MARIA, EDIF. ARANGUANEY-OFIC 18', '2504393', null, null, null);
INSERT INTO `provider` VALUES ('82', '1705802955001', 'MARIA PAULINA DIAZ SANCHEZ', 'AV. 6 DE DICIEMBRE N22-15 Y CARRION', '2223170', null, null, null);
INSERT INTO `provider` VALUES ('83', '1790981592001', 'CAMARA DE COMERCIO E INDUSTRIAS FRANCO-ECUATORIANO', 'LA CAROLINA, RUSIA 137 Y AV. ELOY ALFARO', '2449918', null, null, null);
INSERT INTO `provider` VALUES ('84', '1708647282001', 'SALAZAR RUIZ MARCELO VLADIMIR', 'AV. SHYRIS N32-20 Y DIEGO DE ALMAGRO', '2230747', null, null, null);
INSERT INTO `provider` VALUES ('85', '100266359001', 'HERNANDEZ VANEGAS LUIS EDUARDO', 'RUMIPAMBA E2-64 Y AV. REPUBLICA', '2444262', null, null, null);
INSERT INTO `provider` VALUES ('86', '1709161523001', 'JUAN JOSE QUISHPE TOAPANTA', 'AV. EL INCA E7-20 Y FRANCISCO DE IZAZAGA', '2412252', null, null, null);
INSERT INTO `provider` VALUES ('87', '1791317459001', 'INFOLINK C. LTDA.', 'LA MARISCAL . AV ORELLANA 1698 Y AV 9 DE OCTUBRE', '2501348', null, null, null);
INSERT INTO `provider` VALUES ('88', '1791768213001', 'MULTITRABAJOS.COM S.A.', 'AV 12 DE OCTUBRE N24-593 Y FRANCISCO SALAZAR, EDIFICIO PLAZA 2000, TORRE B, PISO 7', '2561617', null, null, null);
INSERT INTO `provider` VALUES ('89', '1790580113001', 'H.O.V. HOTELERA QUITO S.A.', 'AV. 12 OCTUBRE 1820 Y LUIS CORDERO, FLORESTA', '2568260', null, null, null);
INSERT INTO `provider` VALUES ('90', '1790546667001', 'DHL', 'COLLALOMA AV ELOY ALFARO 113-A Y LOS JUNKOS', '3975000', null, null, null);
INSERT INTO `provider` VALUES ('91', '1708705619001', 'LUIS EMILIO MORA CORREA', '4 DICIEMBRE  CHILIBULO OE9-21 Y ANTONIO HERRERA', '3100394', null, null, null);
INSERT INTO `provider` VALUES ('92', '1790041220001', 'COMERCIAL KYWI S.A.', 'AV 10 DE AGOSTO N24-59 Y LUIS CORDERO', '3987900', null, null, null);
INSERT INTO `provider` VALUES ('93', '1792297591001', 'ECUATEPI S.A.', 'AV. AMERICA N17-207 Y SANTIAGO', '2229444', null, null, null);
INSERT INTO `provider` VALUES ('94', '1103621916001', 'HERRERA ALVAREZ EDY FRANCISCO', 'JORGE PAEZ N47-106 Y GUARDERAS', '3300533', null, null, null);
INSERT INTO `provider` VALUES ('95', '1791433025001', 'TECNOMEGA C.A.', '', '', null, null, null);
INSERT INTO `provider` VALUES ('96', '1706549381', 'SANTIAGO REYES', 'CIPRESES Y HELECHOS, IGUAZU IV, C12', '2803922', null, null, null);
INSERT INTO `provider` VALUES ('97', '1792090903001', 'LOGICA CIA LTDA', 'AV ORELLANA E9-195 Y AV 6 DE DICIEMBRE', '2236492', null, null, null);
INSERT INTO `provider` VALUES ('98', '1712154978001', 'REBECA MANZANARES BRACKE', 'EL CONDANO U603 Y R', '2490176', null, null, null);
INSERT INTO `provider` VALUES ('99', '1724596794', 'JAIME COYAGO', '', '', null, null, null);
INSERT INTO `provider` VALUES ('100', '1790683516001', 'SISMODE', 'AV. 10 DE AGOSTO N46-77 Y LAS RETAMAS', '2410104', null, null, null);
INSERT INTO `provider` VALUES ('101', '1790507653001', 'FITURI S.A.', 'LA PINTA 236 Y RABIDA', '2567856', null, null, null);
INSERT INTO `provider` VALUES ('102', '1723204440', 'MIGUEL TUPIZA', '', '', null, null, null);
INSERT INTO `provider` VALUES ('103', '1790095592001', 'VISA BANCO DEL PICHINCHA', 'AMAZONAS 4560 Y PEREIRA', '', null, null, null);
INSERT INTO `provider` VALUES ('104', '1710371749001', 'LUCERO JACOME MARIO HERNAN', 'URB. CARCELEN, GASPAR CAÑERO E2-42 E ISIDRO AYORA', '3441820', null, null, null);
INSERT INTO `provider` VALUES ('105', '0917789646001', 'ING. MAURICIO J. TORRES HIDALGO', 'DLA. VILLAMIL MANZ. B VILLA 8', '´042447569', null, null, null);
INSERT INTO `provider` VALUES ('106', '176000260001', 'BANCO CENTRAL DEL ECUADOR', 'AV 10 DE AGOSTO N11-539 Y BRICEÑO', '2572522', null, null, null);
INSERT INTO `provider` VALUES ('107', '0991441328001', 'CARGAFENIX S.A.', 'CIUDADELA ACUARELA DEL RIO MZ. 28, VILLA 15', '042132176', null, null, null);
INSERT INTO `provider` VALUES ('108', '1704028099001', 'CARMEN DEL SALTO MARIA MELIDA DEL ROCIO', 'Leonardo Murialdo N54-58 y Servelloni Urbina', '098437721', null, null, null);
INSERT INTO `provider` VALUES ('109', '1305640078001', 'ALVARADO ANCHUDIA ROBERTO ENRIQUE', 'Mariscal Sucre Santa María E6-49 y Reina Victoria', '3120292', null, null, null);
INSERT INTO `provider` VALUES ('110', '1791829611001', 'NABLATEL S.A.', 'AV. REPUBLICA N. 740 Y ELOY ALFARO', '2220082', null, null, null);
INSERT INTO `provider` VALUES ('111', '0992748354001', 'FILVERIZA S.A.', 'SAUCES SEIS MZ 259-F23', '04 5106828', null, null, null);
INSERT INTO `provider` VALUES ('112', '1713898300001', 'FERNANDO VLADIMIR AYALA CHAPI', 'VIA ANTIGUA A LA MERCED LOTE E Y GENERAL PATON', '6022196', null, null, null);
INSERT INTO `provider` VALUES ('113', '1792107423001', 'SWEADEN S.A.', 'Sanchez de Avila N37-35 y Naciones Unidas', '5006227', null, null, null);
INSERT INTO `provider` VALUES ('114', '0990004196001', 'CORPORACION EL ROSADO S.A.', 'AV. 9 DE OCTUBRE 729 Y Y BOYACA', '', null, null, null);
INSERT INTO `provider` VALUES ('115', '1768042620001', 'EMPRESA PUBLICA CORREOS DEL ECUADOR CDE EP', 'JAPON N36-153 Y AV. NACIONES UNIDAS', '2996816', null, null, null);
INSERT INTO `provider` VALUES ('116', '0400037248001', 'VICTOR HOMERO PUETATE PEREZ', 'PASAJE A-19 LOTE 1115 Y AV. EL OLEODUCTO', '3040246', null, null, null);
INSERT INTO `provider` VALUES ('117', '1704398682001', 'AGAMA MESIAS CARLOS ALCIDES', 'LA ARMENIA - FRATERNIDAD LOTE 98', '2190427', null, null, null);
INSERT INTO `provider` VALUES ('118', '1791260767001', 'PALAN TAMAYO CONSULTORES PATCO CIA. LTDA.', 'CORDERO E5-43 Y JUAN LEON MERA', '2500001', null, null, null);
INSERT INTO `provider` VALUES ('119', '1792255597001', 'SMARTFACTORY NEGOCIOS CORPORATIVOS S.A.', 'AV. ELOY ALFARO N29-143 E INGLATERRA', '2505004', null, null, null);
INSERT INTO `provider` VALUES ('120', '1791866908001', 'COMERCIALIZADORA INTERNACIONAL ABRACOL S.A.', 'Carcelén Alto Vicente duque N73-173 y José Andrade', '2472342', null, null, null);
INSERT INTO `provider` VALUES ('121', '1792179742001', 'TECNITS TECNOLOGIA INFORMATICA TELECOMUNICACIONES Y SERVICIOS CIA. LTDA.', 'Av 10 de Agosto N29-140 y Cuero y Caicedo', '2560319', null, null, null);
INSERT INTO `provider` VALUES ('122', '1792245427001', 'CORPORACION DE MEDICINA OCUPACIONAL OCUMEDICAN S.A.', 'America N33-90 y Rumipamba', '2255138', null, null, null);
INSERT INTO `provider` VALUES ('123', '1706835889001', 'DINA ESPERANZA SOSORONGA CUENCA', 'Calle Ríos N11-137 y Briceno', '2286896', null, null, null);
INSERT INTO `provider` VALUES ('124', '1791287231001', 'TECOMPARTES CIA. LTDA.', 'Plaza N21-202 y Ramón Roca', '2564113', null, null, null);
INSERT INTO `provider` VALUES ('125', '1791729560001', 'COFACE', 'IRLANDA E1016', '2261531', null, null, null);
INSERT INTO `provider` VALUES ('126', '1716531718001', 'IZURIETA FREIRE JULIA MARIA', 'CALLE T LOTE 859 Y PASAJE X', '2493417', null, null, null);
INSERT INTO `provider` VALUES ('127', '1715042709001', 'SANGUANO IRENE', 'ESTADOS UNIDOS 16-19', '3217002', null, null, null);
INSERT INTO `provider` VALUES ('128', '1791241940001', 'EDIWORLD S.A.', 'AV. AMAZONAS 3123 Y AZUAY', '2430560', null, null, null);
INSERT INTO `provider` VALUES ('129', '1790319520001', 'INDUSTRIA DE SISTEMAS ELECTRICOS CIA. LTDA.', 'AV DE LOS ARUPOS E1-170 Y PANAMERICANA NORTE ', '2807380', null, null, null);
INSERT INTO `provider` VALUES ('130', '1706879432001', 'MORA ALARCON ALFREDO FERNANDO', 'AV. REPUBLICA DEL SALVADOR N36-117 Y AV. NACIONES UNIDAS', '2260364', null, null, null);
INSERT INTO `provider` VALUES ('131', '1709186751001', 'ANDREA CECILIA CARRION', 'MANUEL ITURREY 171 Y AV. LA CORUNA', '2906859', null, null, null);
INSERT INTO `provider` VALUES ('132', '0991321764001', 'KUEHNE+NAGEL S.A.', 'LA CAROLINA, AV. IRLANDA 500', '2268500', null, null, null);
INSERT INTO `provider` VALUES ('133', '1790427692001', 'PANATLANTIC LOGISTICSS.A.', 'APALLANA E7-50 Y WIMPER', '3965800', null, null, null);
INSERT INTO `provider` VALUES ('134', '0901902312001', 'MARIO IVAN LOPEZ BALLESTEROS', 'PASAJE AMAZONAS 327 Y RIO ARAJUNO', '2245249', null, null, null);
INSERT INTO `provider` VALUES ('135', '1721742268001', 'DANIELA BORJA KAISIN', 'Cuero y Caicedo E1-29', '0995820868', null, null, null);
INSERT INTO `provider` VALUES ('136', '1791749375001', 'EDIFICIO KYWI', 'LA PINTA 236 Y RABIDA', '', null, null, null);
INSERT INTO `provider` VALUES ('137', '1890141923001', 'CORFOPYM', 'El Espanol Bolivar 19-64 y Castillo y Quito', '2829370', null, null, null);
INSERT INTO `provider` VALUES ('138', '1001734928001', 'ING. GONZALES POZO FREDY RUBEN', 'Jose Miguel Leoro 1-22 entre Rocafuerte y egas Almeida', '2950917', null, null, null);
INSERT INTO `provider` VALUES ('139', '0990021058001', 'JUAN MARCET CIA. LTDA.', 'Carbo 1015 E,/Sucre y Colon', '02 6020932', null, null, null);
INSERT INTO `provider` VALUES ('140', '1792210143001', 'VALORES TECNOLOGICOS CREAVALTEC CIA. LTDA.', 'Ctalina Aldaz N34-115 y Portuggal, Edificio La Suiza, 4to Piso', '6005111', null, null, null);
INSERT INTO `provider` VALUES ('141', '1791288750001', 'COMPLEMENTOS ELECTRONICOS S.A.', 'AV. GENERAL ENRIQUEZ 1800', '2331595', null, null, null);
INSERT INTO `provider` VALUES ('142', '1705903399001', 'ANDRES ALMEIDA LARREAA', 'MIGUEL BEBA 141 Y JOSE PAREDES', '2509607', null, null, null);
INSERT INTO `provider` VALUES ('143', '0201845450001', 'VARGAS LLANOS DIMAS GERMAN', 'SAN LUIS DE CALDERON, MIAMI LOTE 5 Y DORAL', '2904136', null, null, null);
INSERT INTO `provider` VALUES ('144', '1791950526001', 'RIGOTECH CIA. LTDA.', 'JIPIJAPA ISAL SANTIAGO N44-28', '2256418', null, null, null);
INSERT INTO `provider` VALUES ('145', '1714229216001', 'MALDONADO QUINTEROS LEONARDO PAUL', 'INGNACIO ASIN LOTE 1 Y ANTONIO ROMAN', '2248146', null, null, null);
INSERT INTO `provider` VALUES ('146', '1713215331001', 'FASSETT VELASCO BERNARD GEORGE', 'JOSE BOSMEDIANO E10-44 Y AV. 6 DE DICIEMBRE', '2447499', null, null, null);
INSERT INTO `provider` VALUES ('147', '0990625570001', 'FINAMERICA S.A. - BUDGET', 'ELOY ALFARO S40-153 Y JOSE QUERI', '2345678', null, null, null);
INSERT INTO `provider` VALUES ('148', '1701375519001', 'MARTINEZ VITERI CLARA MAGDALENA', 'SANTA ANA RUMINAHUI E6-140 E INTEROCEANICA', '2244121', null, null, null);
INSERT INTO `provider` VALUES ('149', '1790008851001', 'GRUPO EL COMERCIO C.A.', '', '', null, null, null);
INSERT INTO `provider` VALUES ('150', '0914146790001', 'FREDY JEOBERTY ALAVA REYES', 'JUAN LARREA N13-115', '3215870', null, null, null);
INSERT INTO `provider` VALUES ('151', '1707597371001', 'ALVAREZ VILLAVICENCIO JOSE RICARDO DAVID', 'MARIANO ANDRADE 151 Y VILLALENGUA', '2276040', null, null, null);
INSERT INTO `provider` VALUES ('152', '1792123720001', 'CONSTRUCTORES S.A.', 'CALLE EL BATAN E10-37 Y AV. 6 DICIEMBRE', '2248146', null, null, null);
INSERT INTO `provider` VALUES ('153', '1750919381001', 'MOONCITIES.COM', 'GASPAR DE VILLARUEL N13-44 Y ELOY ALFARO', '', null, null, null);
INSERT INTO `provider` VALUES ('154', '1791399846001', 'GLOBALELECTRIC', 'ISLA SEYMOUR N43-227 Y AV.RFIO COCA C.C. PASEO DEL RIO', '2433764', null, null, null);
INSERT INTO `provider` VALUES ('155', '´0992589108001', 'PROMOCIONES LUJOR S.A.', 'AV 9 DE OCTUBRE 100 Y MALECON', '5100153', null, null, null);
INSERT INTO `provider` VALUES ('156', '1707041685001', 'MORALES CAIZA HUGO ROQUE', 'DE LAS TORONJAS N49-124 Y DE LAS CUCARDAS', '5126718', null, null, null);
INSERT INTO `provider` VALUES ('157', '1712105731001', 'ZAMBRANO VERA DOLORES LEIDIANA', 'AV.DEL  MAESTRO OE4-78 Y DE LAS DALIAS', '5106351', null, null, null);
INSERT INTO `provider` VALUES ('158', '1720409653001', 'ANA MARIA VAREA VITERI ', 'AV. LAURELES DEL VALLE', '´0998047044', null, null, null);
INSERT INTO `provider` VALUES ('159', '1792373409001', 'GRUCOTEC', 'AV. AMAZONAS S/N Y AV. DE LA PRENSA', '023 265 359', null, null, null);
INSERT INTO `provider` VALUES ('160', '1706847926001', 'DIRECORP', 'Samuel Fritz E9-05y Av. 6 De Diciembre, edf. GRUPO MP, Piso1, Of.03', '6034968', null, null, null);
INSERT INTO `provider` VALUES ('161', '0905484275', 'VICTOR CALDERON', 'Cineto Guayaquil', 'ext 112', null, null, null);
INSERT INTO `provider` VALUES ('162', '0992401559001', 'QUALITY TRADE SERVICES Q.T.S. S.A.', 'AV FRANCISCO DE ORELLANA 601 EDIFICIO COLIN PISO 3 OF 301', '042922267', null, null, null);
INSERT INTO `provider` VALUES ('163', '1705244703001', 'RUALES REYES EDWIN ESTUARDO', 'AV. EL INCA E13-107 Y DE LOS MADROÑOS', '2416409', null, null, null);
INSERT INTO `provider` VALUES ('164', '1792539471001', 'ECUAELECOMMERCE S.A.', 'AV. 12 DE OCTUBRE N26-97', '', null, null, null);
INSERT INTO `provider` VALUES ('165', '1702377266001', 'ALARCON PAEZ LUIS ANIBAL', 'San Sebastian, Abdon CalderonnO. 559 y Rocafuerte', '2337410', null, null, null);
INSERT INTO `provider` VALUES ('166', '1792009863001', 'YANEZ AVALOS CIA. LTDA.', 'Luis CORDERO E4-207 Y FOCH ESQUINA', '6036124', null, null, null);
INSERT INTO `provider` VALUES ('167', '1721821765001', 'MONTENEGRO CAMPOVERDE HENRY FERNANDO', 'ALBERTO ENRIQUEZ S8-25 Y BARBA', '0969791942', null, null, null);
INSERT INTO `provider` VALUES ('168', '1792466482001', 'LA CAPITAL DEPORTIVA', 'MARIA TRONCATI OE-11 Y RUMIPAMBA', '3210050', null, null, null);
INSERT INTO `provider` VALUES ('169', '1792271169001', 'CEICO', 'AV. REPUBLICA DEL SALVADOR E9-24 Y SUIZA', '3230103', null, null, null);
INSERT INTO `provider` VALUES ('170', 'CELLEBRITE', 'CELLEBRITE', '94 EM HAMOSHVOT RD., PARK EZORIM, P.OB. 3925', '+972 3 9260900', null, null, null);
INSERT INTO `provider` VALUES ('171', 'RFS', 'RFS', 'AVENIDA CIENCIA No13, ZONA INDUSTRIAL, CUAUTITLAN IZCALLI, ESTADO DE MEXICO C.P. 54758', '', null, null, null);
INSERT INTO `provider` VALUES ('172', '1711252575001', 'VACA VITERI CARLOS MIGUEL', 'AV. 9 DE OCTUBRE S/N Y AV. COLON', '2237591', null, null, null);
INSERT INTO `provider` VALUES ('173', '1710376466001', 'TOAPANTA GUANOTUNA JOSE RAMIRO', 'JUAN DE QUIROZ OE16-154 E IGNACIO CABAL', '', null, null, null);
INSERT INTO `provider` VALUES ('174', '1790706710001', 'CHEMEQUIP INDUSTRIAS CIA. LTDA.', 'INES GANGOTENA Y CHILANES ', '2087309', null, null, null);
INSERT INTO `provider` VALUES ('175', '0905484275001', 'VICTOR CALDERON', 'CDLA. ACUARELA DEL RIO, MANZ. 1180, SOLAR 6', '045035482', null, null, null);
INSERT INTO `provider` VALUES ('176', '1792602688001', 'PANAMERICAN LIFE DE ECUADOR COMPANIA DE SEGUROS S.A.', 'Republica del Salvador N36140 y Nacionaes Unidas, Edificio mansion Blanca, Piso 10', '2253500', null, null, null);
INSERT INTO `provider` VALUES ('177', '0992642564001', 'WBCOMPU S.A.', 'Cdla. San Geronimo s/n - Km 24 via a la Costa', '042738565', null, null, null);
INSERT INTO `provider` VALUES ('178', '0990004250001', 'EDITORES NACIONALES SOCIEDAD ANONIMA (ENSA)', 'AGUIRRE 747 Y BOYACA', '', null, null, null);
INSERT INTO `provider` VALUES ('179', '1791705726001', 'LAAR COURIER EXPRESS S.A.', 'DE LAS AVELLANAS S/N Y CIPRESES', '', null, null, null);
INSERT INTO `provider` VALUES ('180', '1717635401001', 'PISANAN CARRILLO ALEXANDRA ELIZABETH', 'CALLE 14 OE 440-2 Y CALLE 6 (CAALDERON CARAPUNGO)', '2199114', null, null, null);
INSERT INTO `provider` VALUES ('181', '1791903013001', 'SIATIEXPRESS CIA. LTDA.', 'YASUNI N44-284 Y AV. EL INCA', '', null, null, null);
INSERT INTO `provider` VALUES ('182', '0991513213001', 'CLUB BUZZOM S.A. BUCLUB', 'Albatros, Pelicano 102 y Av. Carlos Luis Plaza Danin', '2398467', null, null, null);
INSERT INTO `provider` VALUES ('183', '1792131936001', 'SIATILOGISTICS S.A.', 'YASUNI N44-284 Y AV. EL INCA, El Carmelo', '5122199', null, null, null);
INSERT INTO `provider` VALUES ('184', '1707317283001', 'CANDO CHICAIZA JUAN EDUARDO', 'SAN JUAN PINEDA N11-35 Y CARCHI', '2954324', null, null, null);
INSERT INTO `provider` VALUES ('185', '1705659587001', 'TORRES RUIZ CARLOS PATRICIO', 'AV. COLON OE1-80 Y AV. 10 DE AGOSTO', '2907479', null, null, null);
INSERT INTO `provider` VALUES ('186', '0102847266001', 'CASTILLO NUNEZ FERNANDO IVAN', 'PASAJE DE LAS PENCAS 3-83 Y VERBENA', '', null, null, null);
INSERT INTO `provider` VALUES ('187', '1768152560001', 'CNT EP', 'VEINTIMILLA E4-66 Y AV. AMAZONAS', '', null, null, null);
INSERT INTO `provider` VALUES ('188', '1713273850001', 'ESCOBAR DUQUE PAUL CIRO ALEXANDER', 'AV. AMAZONAS N43-26 Y TOMAS DE BERLANGA', '', null, null, null);
INSERT INTO `provider` VALUES ('189', '1791319869001', 'TECHCOMPUTER CIA. LTDA.', 'WILSON E10-73 Y AV. 12 DE OCTUBRE', '', null, null, null);
INSERT INTO `provider` VALUES ('190', '1792135362001', 'VELVALMAGENTA S.A.', 'AV. REPUBLICA DEL SALVADOR E9-24 Y SUIZA', '3330718', null, null, null);
INSERT INTO `provider` VALUES ('191', '1792178908001', 'TIANGUEZ COMERCIO JUSTO CIA. LTDA.', 'LA NINA E7-46 Y AV. DIEGO DE ALMAGRO', '2527240', null, null, null);
INSERT INTO `provider` VALUES ('192', '0101115335001', 'RITA VIOLETA LOPEZ LOPEZ', 'GUASMO SUR, ETAPA 2, COOP. UNION, BANANEROS, MZ. 2735 - SL. 13', '0992482779', null, null, null);
INSERT INTO `provider` VALUES ('193', 'SURIX', 'SURIX', '', '', null, null, null);
INSERT INTO `provider` VALUES ('194', '1715672968001', 'ALVAREZ CALVOPINA JUAN CARLOS', 'AV. JORGE GARCES N64-28 Y JOSE FERNANDEZ', '0992171717', null, null, null);
INSERT INTO `provider` VALUES ('195', '1713073912001', 'DAVID SANTIAGO NUNEZ GONZALEZ', 'AV. 12 DE OCTUBRE N21-229 Y ROCA', '', null, null, null);
INSERT INTO `provider` VALUES ('196', '1712231834001', 'HELEN HOFFMAN', 'PEDRO DE ALVARADO N60-201 Y FLAVIO ALFARO', '0999008705', null, null, null);
INSERT INTO `provider` VALUES ('197', '1713668653001', 'BOLIVAR DANIEL RUIZ ZAPATA', 'ALIMENTACION FERIA DE LA VIVIENDA 2016', '2265894', null, null, null);
INSERT INTO `provider` VALUES ('198', '1708438823001', 'MAX CATTAN', 'MARIANO EGAS N37-17 Y VILLALENGUA', '246466', null, null, null);
INSERT INTO `provider` VALUES ('199', '2N', '2N TELECOMMUNICATIONS', 'MODRANSKA 621, 143 01 PRAHA 4, CSECH REPUBLIC', '+420261301500', null, null, null);
INSERT INTO `provider` VALUES ('200', '0102017092001', 'PAUL ESTEBAN MOREJON JARAMILLO', 'REINA VICTORIA 1539 Y AV. COLON', '2562170', null, null, null);
INSERT INTO `provider` VALUES ('201', '1790901793001', 'CAMARA DE INDUSTRIAS Y PRODUCCION', 'CAROLINA AV. RIO AMAZONAS D/N Y AV. REPUBLICA', '', null, null, null);
INSERT INTO `provider` VALUES ('202', '0602707861001', 'RODRIGUEZ VERDUGO EDUARDO', 'AV. AMAZONAS N20-80', '2228746', null, null, null);
INSERT INTO `provider` VALUES ('203', '0992178612001', 'LOGISTICS UNLIMITED S.A LOGUNSA', 'JUNIN 105 Y MALECON, EDIFICIO VISTA AL RIO, P4', '', null, null, null);
INSERT INTO `provider` VALUES ('204', '1714121751001', 'JORGE JESUS FLORES VICENTE', 'JUAN LEON MERA N26-52 Y LA PINTA', '098523373', null, null, null);
INSERT INTO `provider` VALUES ('205', '1791332873001', 'VIRUMEC S.A', 'VICTORIA, CALLE G N51-29 Y ALAMOS', '2412624', null, null, null);
INSERT INTO `provider` VALUES ('206', '1721438172001', 'AGUILAR BENAVIDES JUAN MIGUEL', 'JORGE WASHINGTON N20-80 Y AV. AMAZONAS', '2566876', null, null, null);
INSERT INTO `provider` VALUES ('207', '1792031168001', 'AINAD DEL ECUADOR CIA. LTDA.', 'SHUARAS N53A Y GONZALO BENITEZ ED RIMPARK  PISO 1 OFIC 1', '6010952', null, null, null);
INSERT INTO `provider` VALUES ('208', '1792368162001', 'TRANSPORTE DE CARGA PESADA CIA. LTDA.', 'SHUARAS N53A Y GONZALO BENITEZ ED RIMPARK  PISO 1 OFIC 1', '6010952', null, null, null);
INSERT INTO `provider` VALUES ('209', '1792357985001', 'COPPER SYSTEMS IMPORTADORA CIA.LTDA.', 'LA NINA E8-52 Y AV. DIEGO DE ALMAGRO', '3238251', null, null, null);
INSERT INTO `provider` VALUES ('210', '1714352380001', 'DCIM', 'OE6B Canada N12-90 y Matovelle', '2512212', null, null, null);
INSERT INTO `provider` VALUES ('211', '1791310063001', 'DATAFAST', 'AV. 9 DE OCTUBRE 416 Y CHILE, JUNTO A PIZAA HUT, CITIBANK 7', '', null, null, null);
INSERT INTO `provider` VALUES ('212', '1791867149001', 'CENTRO DE ESTUDIOS CCQ', 'AMAZONAS Y REPUBLICA ED. LAS CAMARAS', '', null, null, null);
INSERT INTO `provider` VALUES ('213', '1791959043001', 'ENTREGAS ESPECIALES ESPENTRGAS S.A.', 'AV. GALO PLAZA LASSO N73-64 Y ANTONIO BASANTES', '5003000', null, null, null);
INSERT INTO `provider` VALUES ('214', '1792574579001', 'D&K TRAVEL S.A.', 'AV. ATAHUALPA N1-31 Y AV. REPUBLICA', '3938323', null, null, null);
INSERT INTO `provider` VALUES ('215', '1790010937001', 'BANCO PICHINCHA C.A.', 'AV.AMAZONAS E INGNACION PEREIRA', '2980980', null, null, null);
INSERT INTO `provider` VALUES ('216', '0906383211001', 'ALVAREZ MOSQUERA WALTER LEONARDO', 'MARIANO ANDRADE N37-43 Y VILLAENGUA', '2276040', null, null, null);
INSERT INTO `provider` VALUES ('217', '0990082820001', 'TRANSOCEANICA CIA. LTDA.', 'VIA TABABELA S/N Y VIA YARUQUI', '', null, null, null);
INSERT INTO `provider` VALUES ('218', '1790283380001', 'DIINERS CLUB DEL ECUADOR S.A.', 'AV. AMAZONAS 4560 Y ALFONSO PEREIRA', '2981300', null, null, null);
INSERT INTO `provider` VALUES ('219', '1792536456001', 'ANDEANFLAVORS C. LTDA.', 'LA ARMENIA  S, JOSE JAVANEN N4-351 Y LUISTALABERA', '2341549', null, null, null);
INSERT INTO `provider` VALUES ('220', '1713410775001', 'ALCIVAR ESPIN DANNY ALEXANDER', 'AV. MALDONADO S30-54 Y AV. MORAN VALVERDE', '26805693', null, null, null);
INSERT INTO `provider` VALUES ('221', '1790899780001', 'CAMARA DE COMERCIO DE QUITO', 'AMAZONAS Y REPUBLICA ED. LAS CAMARAS', '2976500', null, null, null);
INSERT INTO `provider` VALUES ('222', '1705897443001', 'NELSON FERNANDO PROANO GUERRA', 'VILLALENGUA 725 Y DOMINGO DE BRIEVA', '2246908', null, null, null);
INSERT INTO `provider` VALUES ('223', '1792688108001', 'CABIFY-EC S.A.', 'AV. REPUBLICA DEL SALVADOR 406 Y MOSCU', '', null, null, null);
INSERT INTO `provider` VALUES ('224', '0992905859001', 'STARTUPECUADOR S.A.', 'BALSAMOS 813 Y GUAYACANES', '042888720', null, null, null);
INSERT INTO `provider` VALUES ('225', '1791890663001', 'FLEXNET ECUADOR CIA. LTDA.', 'PRIMER TRANSVERSAL 12L Y GARCIA MORENO', '2023130', null, null, null);
INSERT INTO `provider` VALUES ('226', '0992146818001', 'ZC MAYORISTAS S.A.', 'AV. CARLOS PLAZA DANIN S/N FRENTE AL POLICENTRO', '042286683', null, null, null);
INSERT INTO `provider` VALUES ('227', '0901647164001', 'SANDOVAL CORRAL MARIA MONSERRAT', 'SEGUNDA N43-43 Y AV. DEL PARQUE, EL BOSQUE', '2460954', null, null, null);
INSERT INTO `provider` VALUES ('228', '1713910998001', 'MARTINEZ MORA CESAR GERMAN', 'AV. 10 DE AGOSTO N29-140 ENTRE ACUNA Y CUERO Y CAICEDO', '', null, null, null);
INSERT INTO `provider` VALUES ('229', '1707268965001', 'ABRAHAM LIONEL CEVALLOS GALINDO', 'ULLOA N32-86 Y Mariana de Jesus', '2520723', null, null, null);
INSERT INTO `provider` VALUES ('230', '1710920545001', 'MALDONADO HERNANDEZ ANA  PATRICIA', 'LA KENNEDY, AV. GALO PALZA LASSO N55-17 Y CAP. ALFONSO YEPEZ', '2411457', null, null, null);
INSERT INTO `provider` VALUES ('231', '0101834596001', 'MORENO VILLACIS ANDRES GUILLERMO', 'BRASIL N40-38 Y CHARLES DARWIN', '3319717', null, null, null);
INSERT INTO `provider` VALUES ('232', '1791251237001', 'CONECEL S.A.', 'AV. ORELLANA Y AV. ALBERTO BORGES', '3560401', null, null, null);
INSERT INTO `provider` VALUES ('233', '0904836202001', 'EDGAR OSWALDO CORAL PARRA', 'CALLE B S3-230 Y CALLE C', '2427766', null, null, null);
INSERT INTO `provider` VALUES ('234', '20509675491', 'ELTEK PERU S.R.L.', 'Cal. Enrique Palacios N 335 Int. 503', '', null, null, null);
INSERT INTO `provider` VALUES ('235', '1712190550001', 'ESPINOZA FUENTES JENNY LILIANA', 'JUAN LEON MERA 1572 Y LA PINTA', '2220355', null, null, null);
INSERT INTO `provider` VALUES ('236', '1792419867001', 'INDUSTRIAS SIMBANA', 'BELLAVISTA PIO XII 464 Y VICTORIA BELLAVISTA', '2065697', null, null, null);
INSERT INTO `provider` VALUES ('237', '1707999528001', 'LOPEZ MURRIAGUI OSWALDO EFRAIN', 'SUBTENIENTE FERNANDO DAVALOS OE3-207 Y AV. DE LA PRENSA', '6046450', null, null, null);
INSERT INTO `provider` VALUES ('238', '1104202591001', 'JULIO CARAGUAY', 'BOLIVAR S/N Y MIGUEL RIOFRIO', '2573525', null, null, null);
INSERT INTO `provider` VALUES ('239', '1790053881001', 'EMPRESA ELECTRICA QUITO', 'LAS CASAS E1-24 Y AV. 10 DE AGOSTO', '0 DE AGOSTO', null, null, null);
INSERT INTO `provider` VALUES ('240', '1700863010001', 'ROBALINO JACOME ANGEL ENRIQUE', 'AV 10 DE AGOSTO N23-95 Y MERCADILLO', '2224673', null, null, null);
INSERT INTO `provider` VALUES ('241', '1707085021001', 'VASQUEZ ULCUANGO LUIS CRISTOBAL', 'ANTONIO DE ULLOA N26-39 Y LUIS MOSQUERA NARVAEZ', '5152505', null, null, null);
INSERT INTO `provider` VALUES ('242', '1791282469001', 'EMSAAIRPORT SERVICES CEM', 'TABABELA, CALLE PRINCIPAL LOTE 18, AEROPUERTO MARISCAL SUCRE', '3957470', null, null, null);
INSERT INTO `provider` VALUES ('243', '1792492890001', 'SIATIADUANAS S.A.', 'YASUNI N44-258 Y AV. EL INCA', '', null, null, null);
INSERT INTO `provider` VALUES ('244', 'MAIRDI', 'XIAMEN MAIRDI ELECTRONIC TECHNOLOGY', '', '', '', null, null);
INSERT INTO `provider` VALUES ('245', 'S/A', 'INTELBRAS', 'SAN JOSE - SANTA CATARINA', 'S/A', 'erika.olivera@intelbras.com.ec', null, null);
INSERT INTO `provider` VALUES ('246', 'FANVIL', 'FANVIL TECHNOLOGY CO LIMITED', 'RM402 A 4/F CHINA INSURANCE GROUP BUILDING 141 DES VOEUX ROAD CENTRAL HONG KONG', '+86-755-26647281', 'linda.yang@fanvil.com', null, null);

-- ----------------------------
-- Table structure for state
-- ----------------------------
DROP TABLE IF EXISTS `state`;
CREATE TABLE `state` (
  `id` int(11) NOT NULL,
  `name` varchar(255) DEFAULT NULL,
  PRIMARY KEY (`id`)
) ENGINE=InnoDB DEFAULT CHARSET=latin1;

-- ----------------------------
-- Records of state
-- ----------------------------
INSERT INTO `state` VALUES ('0', 'EN BODEGA');
INSERT INTO `state` VALUES ('1', 'ENTREGADO');
INSERT INTO `state` VALUES ('2', 'RESERVADO');

-- ----------------------------
-- Table structure for unit
-- ----------------------------
DROP TABLE IF EXISTS `unit`;
CREATE TABLE `unit` (
  `id` int(255) NOT NULL AUTO_INCREMENT,
  `description` varchar(255) DEFAULT NULL,
  `smallDescription` varchar(50) DEFAULT '',
  `size` int(11) DEFAULT NULL,
  PRIMARY KEY (`id`)
) ENGINE=InnoDB AUTO_INCREMENT=2 DEFAULT CHARSET=latin1;

-- ----------------------------
-- Records of unit
-- ----------------------------
INSERT INTO `unit` VALUES ('1', 'UNIDAD', 'UNIDAD', '1');

-- ----------------------------
-- Table structure for user
-- ----------------------------
DROP TABLE IF EXISTS `user`;
CREATE TABLE `user` (
  `id` int(11) NOT NULL AUTO_INCREMENT,
  `name` varchar(20) DEFAULT NULL,
  `lastname` varchar(20) DEFAULT NULL,
  `username` varchar(20) DEFAULT NULL,
  `email` varchar(70) DEFAULT NULL,
  `status` int(11) DEFAULT NULL,
  `rol` int(11) DEFAULT NULL,
  `password` text,
  `valid` tinyint(4) DEFAULT NULL,
  PRIMARY KEY (`id`),
  UNIQUE KEY `ukusername` (`username`) USING BTREE
) ENGINE=InnoDB AUTO_INCREMENT=47 DEFAULT CHARSET=latin1;

-- ----------------------------
-- Records of user
-- ----------------------------
INSERT INTO `user` VALUES ('38', 'GABRIEL', 'SALAZAR', 'gsalazar', 'gabrielsalazar@outlook.com', '1', '1', '$2a$08$dJx.s2fjU3eVsBpElvEpA.uIrAD7vlbOhoGAfvSIcd2qDFEB3nRSm', null);
INSERT INTO `user` VALUES ('39', 'WILLIAM', 'ROMERO', 'wromero', 'wromero@cineto.net', '1', '1', '$2a$08$UpOlBw/anCC0zgGjkL3Au.hrK5A8hAK4XGOojssoG5BS7SbVyFgeq', null);
INSERT INTO `user` VALUES ('40', 'SANTIAGO', 'PÉREZ', 'sperez', 'sperez', '1', '1', '$2a$08$BrjQygrI7g0fycD19nSdI.3Gp1i/ZJkoFsRe7CvRf/RkVfiuz09x2', null);
INSERT INTO `user` VALUES ('41', 'SANTIAGO', 'REYES', 'sreyes', 'sreyes@cineto.net', '1', '2', '$2a$08$hcUAqSIOBYfNwb5j8USug.VEJtvaG/zLv1i/0r.9JWogYdqjTqEtC', null);
INSERT INTO `user` VALUES ('42', 'CINETO', 'TELECOMUNICACIONES', 'cineto', 'info@cineto.net', '1', '2', '$2a$08$qP8zyzLTOYW4N4MCJrXZgO9lCQUCA47CMUf91teGG37BzGJEv8jbO', null);
INSERT INTO `user` VALUES ('43', 'ALEX', 'CATUCUAMBA', 'acatucuamba', 'acatucuamba@cineto.net', '1', '1', '$2a$08$o135fvwYAbsF/bgSd/Mx4.gsnHIgPJglRaZj.S/1WomuaKSn/2S4i', null);
INSERT INTO `user` VALUES ('44', 'MIGUEL', 'TUPIZA', 'mtupiza', 'mtupiza@cineto.net', '1', '1', '$2a$08$isZdxqjnpE0CYATsKTTbMOn9SrK5U1HLEb2ccUx4AGrNFw/j7xZKy', null);
INSERT INTO `user` VALUES ('45', 'PASANTE', 'UNO', 'pasante01', 'cinetotelecomunicaciones@cineto.net', '1', '1', '$2a$08$I1IZa9P3i6hA1S81j1sqFu2hOfXLBN8Sa.vG8H5JGs6.SyINM4O/e', null);
INSERT INTO `user` VALUES ('46', 'SANTIAGO', 'REYES', 'sreyesro', 'sreyes@cineto.net', '1', '1', '$2a$08$ky/hiwSejPg0ZzITALpQPeCgdhS3h8xrIvmwD.BUNe30/sQ21iV7W', null);

-- ----------------------------
-- Table structure for voucher
-- ----------------------------
DROP TABLE IF EXISTS `voucher`;
CREATE TABLE `voucher` (
  `id` int(11) NOT NULL AUTO_INCREMENT,
  `client` int(11) NOT NULL,
  `date` text,
  `reference` text,
  `type` tinyint(4) DEFAULT NULL,
  `user` int(11) DEFAULT NULL,
  `state` int(11) DEFAULT '0',
  PRIMARY KEY (`id`),
  KEY `client` (`client`) USING BTREE,
  KEY `user` (`user`),
  CONSTRAINT `user` FOREIGN KEY (`user`) REFERENCES `user` (`id`),
  CONSTRAINT `voucher_ibfk_1` FOREIGN KEY (`client`) REFERENCES `client` (`id`)
) ENGINE=InnoDB AUTO_INCREMENT=18 DEFAULT CHARSET=latin1;

-- ----------------------------
-- Records of voucher
-- ----------------------------
INSERT INTO `voucher` VALUES ('1', '49', '2017-10-12', 'OC-7155', null, '39', '1');
INSERT INTO `voucher` VALUES ('2', '50', '2017-10-16', 'FACTURA 1468', null, '43', '1');
INSERT INTO `voucher` VALUES ('3', '319', '2017-10-18', 'FACTURA 1471', null, '46', '1');
INSERT INTO `voucher` VALUES ('4', '318', '2017-10-18', 'FACTURA 1470', null, '46', '1');
INSERT INTO `voucher` VALUES ('5', '320', '2017-10-23', 'FACTURA 1474', null, '43', '1');
INSERT INTO `voucher` VALUES ('6', '322', '2017-10-23', 'FACTURA 1476 ', null, '43', '1');
INSERT INTO `voucher` VALUES ('7', '328', '2017-10-24', 'USO INTERNO', null, '39', '0');
INSERT INTO `voucher` VALUES ('8', '321', '2017-10-25', 'FACTURA 1478', null, '43', '1');
INSERT INTO `voucher` VALUES ('9', '330', '2017-10-25', 'FACTURA 1479', null, '43', '1');
INSERT INTO `voucher` VALUES ('10', '320', '2017-10-26', 'CAMBIO GARANTÍA TÉCNICA ', null, '43', '1');
INSERT INTO `voucher` VALUES ('11', '320', '2017-10-26', 'CAMBIO GARANTÍA TÉCNICA ', null, '43', '1');
INSERT INTO `voucher` VALUES ('12', '322', '2017-10-30', 'FACTURA 1480', null, '46', '1');
INSERT INTO `voucher` VALUES ('13', '287', '2017-10-31', 'FACTURA 1482', null, '44', '1');
INSERT INTO `voucher` VALUES ('14', '201', '2017-10-31', 'FACTURA 1481', null, '44', '1');
INSERT INTO `voucher` VALUES ('15', '107', '2017-11-01', 'PRESTAMO ', null, '43', '1');
INSERT INTO `voucher` VALUES ('16', '331', '2017-11-06', 'FACTURA 1484', null, '46', '1');
INSERT INTO `voucher` VALUES ('17', '332', '2017-11-06', 'FACTURA 1483', null, '46', '1');

-- ----------------------------
-- View structure for v_bill
-- ----------------------------
DROP VIEW IF EXISTS `v_bill`;
CREATE ALGORITHM=UNDEFINED DEFINER=`root`@`localhost` SQL SECURITY DEFINER  VIEW `v_bill` AS select `product`.`id` AS `id`,`model`.`id` AS `model`,`product`.`barcode` AS `barcode`,`model`.`code` AS `code`,`model`.`code` AS `Producto`,`model`.`description` AS `description`,`product`.`bill` AS `bill`,`location`.`name` AS `location`,`category`.`name` AS `category`,`brand`.`name` AS `brand`,`product`.`price` AS `price`,`product`.`observation` AS `observation` from ((((`product` join `model` on((`product`.`variant` = `model`.`id`))) left join `location` on((`product`.`location` = `location`.`id`))) left join `category` on((`model`.`category` = `category`.`id`))) left join `brand` on((`model`.`brand` = `brand`.`id`))) ;

-- ----------------------------
-- View structure for v_brand
-- ----------------------------
DROP VIEW IF EXISTS `v_brand`;
CREATE ALGORITHM=UNDEFINED DEFINER=`root`@`localhost` SQL SECURITY DEFINER  VIEW `v_brand` AS select `brand`.`id` AS `value`,`brand`.`name` AS `text` from `brand` ;

-- ----------------------------
-- View structure for v_category
-- ----------------------------
DROP VIEW IF EXISTS `v_category`;
CREATE ALGORITHM=UNDEFINED DEFINER=`root`@`localhost` SQL SECURITY DEFINER  VIEW `v_category` AS select `category`.`id` AS `value`,`category`.`name` AS `text` from `category` ;

-- ----------------------------
-- View structure for v_client
-- ----------------------------
DROP VIEW IF EXISTS `v_client`;
CREATE ALGORITHM=UNDEFINED DEFINER=`root`@`localhost` SQL SECURITY DEFINER  VIEW `v_client` AS select `client`.`id` AS `value`,`client`.`name` AS `text`,`client`.`dni` AS `dni`,`client`.`address` AS `address`,`client`.`phone` AS `phone`,`client`.`email` AS `email` from `client` ;

-- ----------------------------
-- View structure for v_clientdev
-- ----------------------------
DROP VIEW IF EXISTS `v_clientdev`;
CREATE ALGORITHM=UNDEFINED DEFINER=`root`@`localhost` SQL SECURITY DEFINER  VIEW `v_clientdev` AS select `product`.`id` AS `id`,`product`.`barcode` AS `barcode`,`model`.`code` AS `code`,`model`.`description` AS `description`,`detail`.`state` AS `state`,`voucher`.`date` AS `date`,`client`.`name` AS `name`,`client`.`id` AS `idclient`,`detail`.`observation` AS `observation`,`voucher`.`id` AS `idvoucher` from ((((`product` join `model` on((`product`.`variant` = `model`.`id`))) join `detail` on((`detail`.`product` = `product`.`id`))) join `voucher` on((`detail`.`voucher` = `voucher`.`id`))) join `client` on((`voucher`.`client` = `client`.`id`))) where (`detail`.`state` = 0) ;

-- ----------------------------
-- View structure for v_createbarcode
-- ----------------------------
DROP VIEW IF EXISTS `v_createbarcode`;
CREATE ALGORITHM=UNDEFINED DEFINER=`root`@`localhost` SQL SECURITY DEFINER  VIEW `v_createbarcode` AS select concat('CIN-',year(now()),'-',week(now(),0),'-','00',((select `aux`.`id` from `aux` order by `aux`.`id` desc limit 1) + 1)) AS `barcode` ;

-- ----------------------------
-- View structure for v_detail
-- ----------------------------
DROP VIEW IF EXISTS `v_detail`;
CREATE ALGORITHM=UNDEFINED DEFINER=`root`@`localhost` SQL SECURITY DEFINER  VIEW `v_detail` AS select `client`.`name` AS `name`,`product`.`barcode` AS `barcode`,`model`.`description` AS `description`,`model`.`code` AS `code`,`detail`.`voucher` AS `voucher`,`detail`.`id` AS `id`,`product`.`id` AS `idproduct`,(select count(`detail`.`id`) from `detail` where (`model`.`code` = `model`.`code`)) AS `count`,`detail`.`observation` AS `observation`,`client`.`id` AS `idclient`,`detail`.`state` AS `state` from ((((`detail` join `voucher` on((`detail`.`voucher` = `voucher`.`id`))) join `client` on((`voucher`.`client` = `client`.`id`))) join `product` on((`detail`.`product` = `product`.`id`))) join `model` on((`product`.`variant` = `model`.`id`))) ;

-- ----------------------------
-- View structure for v_devolution
-- ----------------------------
DROP VIEW IF EXISTS `v_devolution`;
CREATE ALGORITHM=UNDEFINED DEFINER=`root`@`localhost` SQL SECURITY DEFINER  VIEW `v_devolution` AS SELECT
devolution.id AS id,
devolution.date AS date,
devolution.reference AS reference,
devolution.type AS type,
devolution.state AS state,
client.`name` AS `name`,
client.address AS address,
client.phone AS phone,
client.email AS email,
`user`.id AS iduser,
concat(
		`user`.`name`,
		' ',
		`user`.`lastname`
	) AS `user`,
client.id as idclient
FROM
	(
		(
			`devolution`
			JOIN `client` ON (
				(
					`devolution`.`client` = `client`.`id`
				)
			)
		)
		JOIN `user` ON (
			(
				`devolution`.`user` = `user`.`id`
			)
		)
	) ;

-- ----------------------------
-- View structure for v_infobill
-- ----------------------------
DROP VIEW IF EXISTS `v_infobill`;
CREATE ALGORITHM=UNDEFINED DEFINER=`root`@`localhost` SQL SECURITY DEFINER  VIEW `v_infobill` AS select `bill`.`id` AS `id`,`provider`.`name` AS `name`,date_format(`bill`.`date`,'%d-%m-%Y') AS `date`,`bill`.`reference` AS `reference`,concat(`user`.`name`,' ',`user`.`lastname`) AS `user`,`user`.`id` AS `iduser`,`bill`.`state` AS `state`,`provider`.`address` AS `address`,`provider`.`phone` AS `phone`,`provider`.`email` AS `email` from ((`bill` join `provider` on((`bill`.`provider` = `provider`.`id`))) join `user` on((`bill`.`user` = `user`.`id`))) ;

-- ----------------------------
-- View structure for v_location
-- ----------------------------
DROP VIEW IF EXISTS `v_location`;
CREATE ALGORITHM=UNDEFINED DEFINER=`root`@`localhost` SQL SECURITY DEFINER  VIEW `v_location` AS select `location`.`id` AS `value`,`location`.`name` AS `text` from `location` ;

-- ----------------------------
-- View structure for v_model
-- ----------------------------
DROP VIEW IF EXISTS `v_model`;
CREATE ALGORITHM=UNDEFINED DEFINER=`root`@`localhost` SQL SECURITY DEFINER  VIEW `v_model` AS select `model`.`id` AS `id`,`model`.`code` AS `code`,`model`.`description` AS `description`,`unit`.`description` AS `unit`,`category`.`name` AS `category`,`brand`.`name` AS `brand` from (((`model` left join `unit` on((`model`.`unit` = `unit`.`id`))) left join `category` on((`model`.`category` = `category`.`id`))) left join `brand` on((`model`.`brand` = `brand`.`id`))) ;

-- ----------------------------
-- View structure for v_modelbill
-- ----------------------------
DROP VIEW IF EXISTS `v_modelbill`;
CREATE ALGORITHM=UNDEFINED DEFINER=`root`@`localhost` SQL SECURITY DEFINER  VIEW `v_modelbill` AS select `model`.`id` AS `id`,concat(`model`.`code`,' - ',`model`.`description`) AS `description` from `model` ;

-- ----------------------------
-- View structure for v_modelview
-- ----------------------------
DROP VIEW IF EXISTS `v_modelview`;
CREATE ALGORITHM=UNDEFINED DEFINER=`root`@`localhost` SQL SECURITY DEFINER  VIEW `v_modelview` AS select `model`.`id` AS `id`,`model`.`code` AS `code`,`model`.`description` AS `description`,`model`.`price` AS `price`,`model`.`stockmin` AS `stockmin`,`model`.`unit` AS `unit`,`model`.`category` AS `category`,`model`.`brand` AS `brand`,(select count(`product`.`id`) from `product` where ((`product`.`variant` = `model`.`id`) and (`product`.`state` = 0))) AS `count`,(select count(`product`.`id`) from `product` where ((`product`.`variant` = `model`.`id`) and (`product`.`state` = 1))) AS `countE` from `model` ;

-- ----------------------------
-- View structure for v_product
-- ----------------------------
DROP VIEW IF EXISTS `v_product`;
CREATE ALGORITHM=UNDEFINED DEFINER=`root`@`localhost` SQL SECURITY DEFINER  VIEW `v_product` AS SELECT
	`product`.`barcode` AS `barcode`,
	`model`.`code` AS `code`,
	`model`.`description` AS `description`,
	`category`.`name` AS `category`,
	`brand`.`name` AS `brand`,
	`bill`.`date` AS `date`,
	`bill`.`reference` AS `reference`,
	`location`.`name` AS `location`,
	`product`.`observation` AS `observation`,
	`bill`.`state` AS `billstate`,
	`product`.`id` AS `id`,
	`product`.`id` AS `idused`,
	(
		SELECT
			`client`.`name`
		FROM
			(
				(
					(
						`product`
						JOIN `detail` ON (
							(
								`detail`.`product` = `product`.`id`
							)
						)
					)
					JOIN `voucher` ON (
						(
							`detail`.`voucher` = `voucher`.`id`
						)
					)
				)
				JOIN `client` ON (
					(
						`voucher`.`client` = `client`.`id`
					)
				)
			)
		WHERE
			(
				(`detail`.`state` = 0)
				AND (
					`detail`.`product` = `idused`
				)
			)
		LIMIT 1
	) AS `client`,
	(
		SELECT
			`voucher`.`date`
		FROM
			(
				(
					(
						`product`
						JOIN `detail` ON (
							(
								`detail`.`product` = `product`.`id`
							)
						)
					)
					JOIN `voucher` ON (
						(
							`detail`.`voucher` = `voucher`.`id`
						)
					)
				)
				JOIN `client` ON (
					(
						`voucher`.`client` = `client`.`id`
					)
				)
			)
		WHERE
			(
				(`detail`.`state` = 0)
				AND (
					`detail`.`product` = `idused`
				)
			)
		LIMIT 1
	) AS `voucherdate`,
	(
		SELECT
			`voucher`.`id`
		FROM
			(
				(
					(
						`product`
						JOIN `detail` ON (
							(
								`detail`.`product` = `product`.`id`
							)
						)
					)
					JOIN `voucher` ON (
						(
							`detail`.`voucher` = `voucher`.`id`
						)
					)
				)
				JOIN `client` ON (
					(
						`voucher`.`client` = `client`.`id`
					)
				)
			)
		WHERE
			(
				(`detail`.`state` = 0)
				AND (
					`detail`.`product` = `idused`
				)
			)
		LIMIT 1
	) AS `voucherid`,
	`state`.`name` AS `state`,
	`product`.`state` AS `stateid`
FROM
	(
		(
			(
				(
					(
						(
							`product`
							LEFT JOIN `model` ON (
								(
									`product`.`variant` = `model`.`id`
								)
							)
						)
						LEFT JOIN `category` ON (
							(
								`model`.`category` = `category`.`id`
							)
						)
					)
					LEFT JOIN `brand` ON (
						(
							`model`.`brand` = `brand`.`id`
						)
					)
				)
				LEFT JOIN `bill` ON (
					(
						`product`.`bill` = `bill`.`id`
					)
				)
			)
			LEFT JOIN `location` ON (
				(
					`product`.`location` = `location`.`id`
				)
			)
		)
		JOIN `state` ON (
			(
				`product`.`state` = `state`.`id`
			)
		)
	)
ORDER BY
	`model`.`code`,
	`bill`.`date` ASC ;

-- ----------------------------
-- View structure for v_provider
-- ----------------------------
DROP VIEW IF EXISTS `v_provider`;
CREATE ALGORITHM=UNDEFINED DEFINER=`root`@`localhost` SQL SECURITY DEFINER  VIEW `v_provider` AS select `provider`.`id` AS `value`,`provider`.`name` AS `text` from `provider` ;

-- ----------------------------
-- View structure for v_unit
-- ----------------------------
DROP VIEW IF EXISTS `v_unit`;
CREATE ALGORITHM=UNDEFINED DEFINER=`root`@`localhost` SQL SECURITY DEFINER  VIEW `v_unit` AS select `unit`.`id` AS `value`,`unit`.`smallDescription` AS `text` from `unit` ;

-- ----------------------------
-- View structure for v_user
-- ----------------------------
DROP VIEW IF EXISTS `v_user`;
CREATE ALGORITHM=UNDEFINED DEFINER=`root`@`localhost` SQL SECURITY DEFINER  VIEW `v_user` AS select `user`.`id` AS `value`,concat(`user`.`name`,' ',`user`.`lastname`) AS `text` from `user` ;

-- ----------------------------
-- View structure for v_voucher
-- ----------------------------
DROP VIEW IF EXISTS `v_voucher`;
CREATE ALGORITHM=UNDEFINED DEFINER=`root`@`localhost` SQL SECURITY DEFINER  VIEW `v_voucher` AS SELECT
voucher.id AS id,
voucher.date AS date,
voucher.reference AS reference,
voucher.type AS type,
client.`name` AS `name`,
concat(
		`user`.`name`,
		' ',
		`user`.`lastname`
	) AS `user`,
`user`.id AS iduser,
voucher.state AS state,
client.address AS address,
client.phone AS phone,
client.email AS email,
client.dni
FROM
	(
		(
			`voucher`
			JOIN `client` ON (
				(
					`voucher`.`client` = `client`.`id`
				)
			)
		)
		JOIN `user` ON (
			(
				`voucher`.`user` = `user`.`id`
			)
		)
	) ;

-- ----------------------------
-- Procedure structure for barcode
-- ----------------------------
DROP PROCEDURE IF EXISTS `barcode`;
DELIMITER ;;
CREATE DEFINER=`root`@`localhost` PROCEDURE `barcode`()
BEGIN
	select concat('CIN',year(now()),'',week(now(),0),'','00',((SELECT COUNT(id) FROM aux) + 1)) AS `barcode`;
INSERT INTO aux VALUES();

END
;;
DELIMITER ;

-- ----------------------------
-- Procedure structure for devolution
-- ----------------------------
DROP PROCEDURE IF EXISTS `devolution`;
DELIMITER ;;
CREATE DEFINER=`root`@`localhost` PROCEDURE `devolution`(voucher int)
BEGIN
SET @numero=0;
SELECT
	@numero :=@numero + 1 AS num,
	`client`.`name` AS `name`,
	`product`.`barcode` AS `barcode`,
	`model`.`description` AS `description`,
	`model`.`code` AS `code`,
`model`.`id` AS `prueba`,
(SELECT COUNT(id) FROM detaildevolution WHERE prueba=(SELECT variant FROM product WHERE id = detaildevolution.product) AND detaildevolution.devolution=voucher) as count,
	`detaildevolution`.`devolution` AS `voucher`,
	`detaildevolution`.`id` AS `id`,
	`product`.`id` AS `idproduct`,
	IFNULL(`detaildevolution`.`observation`,' ') AS `observation`
FROM
	(
		(
			(
				(
					`detaildevolution`
					LEFT JOIN `voucher` ON (
						(
							`detaildevolution`.`devolution` = `voucher`.`id`
						)
					)
				)
				LEFT JOIN `client` ON (
					(
						`voucher`.`client` = `client`.`id`
					)
				)
			)
			 LEFT JOIN `product` ON (
				(
					`detaildevolution`.`product` = `product`.`id`
				)
			)
		)
		LEFT JOIN `model` ON (
			(
				`product`.`variant` = `model`.`id`
			)
		)
	) WHERE detaildevolution.devolution=voucher;


END
;;
DELIMITER ;

-- ----------------------------
-- Procedure structure for prueba
-- ----------------------------
DROP PROCEDURE IF EXISTS `prueba`;
DELIMITER ;;
CREATE DEFINER=`root`@`localhost` PROCEDURE `prueba`(voucher int)
BEGIN
SET @numero=0;
SELECT
	@numero :=@numero + 1 AS num,
	`client`.`name` AS `name`,
	`product`.`barcode` AS `barcode`,
	`model`.`description` AS `description`,
	`model`.`code` AS `code`,
`model`.`id` AS `prueba`,
CONCAT('1') as count,
	`detail`.`voucher` AS `voucher`,
	`detail`.`id` AS `id`,
	`product`.`id` AS `idproduct`,
	IFNULL(`detail`.`observation`,' ') AS `observation`
FROM
	(
		(
			(
				(
					`detail`
					LEFT JOIN `voucher` ON (
						(
							`detail`.`voucher` = `voucher`.`id`
						)
					)
				)
				LEFT JOIN `client` ON (
					(
						`voucher`.`client` = `client`.`id`
					)
				)
			)
			 LEFT JOIN `product` ON (
				(
					`detail`.`product` = `product`.`id`
				)
			)
		)
		LEFT JOIN `model` ON (
			(
				`product`.`variant` = `model`.`id`
			)
		)
	) WHERE detail.voucher=voucher;


END
;;
DELIMITER ;

-- ----------------------------
-- Procedure structure for p_bill
-- ----------------------------
DROP PROCEDURE IF EXISTS `p_bill`;
DELIMITER ;;
CREATE DEFINER=`root`@`localhost` PROCEDURE `p_bill`(bill int)
BEGIN
SET @numero=0;
	SELECT
@numero :=@numero + 1 AS num,
	`product`.`id` AS `id`,
	`model`.`id` AS `model`,
	`product`.`barcode` AS `barcode`,
	`model`.`code` AS `code`,
	`model`.`code` AS `Producto`,
`model`.`id` AS `prueba`,
CONCAT('1') as count,
	`model`.`description` AS `description`,
	`product`.`bill` AS `bill`,
	`location`.`name` AS `location`,
location.id as idlocation,
	`category`.`name` AS `category`,
	`brand`.`name` AS `brand`,
	`product`.`price` AS `price`,
IFNULL(`product`.`observation`,' ') AS observation
FROM
	(
		(
			(
				(
					`product`
					JOIN `model` ON (
						(
							`product`.`variant` = `model`.`id`
						)
					)
				)
				LEFT JOIN `location` ON (
					(
						`product`.`location` = `location`.`id`
					)
				)
			)
			LEFT JOIN `category` ON (
				(
					`model`.`category` = `category`.`id`
				)
			)
		)
		LEFT JOIN `brand` ON (
			(
				`model`.`brand` = `brand`.`id`
			)
		)
	) WHERE product.bill=bill ORDER BY product.id DESC;

END
;;
DELIMITER ;

-- ----------------------------
-- Procedure structure for p_billprice
-- ----------------------------
DROP PROCEDURE IF EXISTS `p_billprice`;
DELIMITER ;;
CREATE DEFINER=`root`@`localhost` PROCEDURE `p_billprice`(IN `bill` int)
BEGIN
	SELECT
model.`code`,
model.description,
product.variant AS var,
product.bill AS bi,
product.bill,
(SELECT COUNT(*) FROM product WHERE product.variant= var AND product.bill=bi) AS count,
product.price,
model.id,
((SELECT COUNT(*) FROM product WHERE product.variant= var AND product.bill=bi)*product.price )as total
FROM
product
INNER JOIN model ON product.variant = model.id
WHERE product.bill = bill
GROUP BY description, model.code,product.price;

END
;;
DELIMITER ;

-- ----------------------------
-- Procedure structure for p_billprice2
-- ----------------------------
DROP PROCEDURE IF EXISTS `p_billprice2`;
DELIMITER ;;
CREATE DEFINER=`root`@`localhost` PROCEDURE `p_billprice2`()
BEGIN
	SELECT
model.`code`,
model.description,
product.variant AS var,
product.bill AS bi,
product.bill,
(SELECT COUNT(*) FROM product WHERE product.variant= var AND product.bill=bi AND product.state=0) AS count,
product.price,
model.id,
bill.date,
bill.reference,
((SELECT COUNT(*) FROM product WHERE product.variant= var AND product.bill=bi AND product.state=0)*product.price)as total,
provider.`name`
FROM
product
LEFT JOIN model ON product.variant = model.id
LEFT JOIN bill ON product.bill = bill.id
LEFT JOIN provider ON bill.provider= provider.id
WHERE product.state=0
GROUP BY description, bill, model.code,product.price, product.variant;

END
;;
DELIMITER ;

-- ----------------------------
-- Function structure for prodasd
-- ----------------------------
DROP FUNCTION IF EXISTS `prodasd`;
DELIMITER ;;
CREATE DEFINER=`root`@`localhost` FUNCTION `prodasd`(`barcode` text) RETURNS text CHARSET utf8
BEGIN
	DECLARE mensaje text;

IF EXISTS(SELECT id FROM product WHERE barcode=barcode) THEN
SET mensaje = 'hola';
ELSE
SET mensaje = 'chau';
END IF;

	RETURN mensaje;
END
;;
DELIMITER ;
